-- Seed data generated from lib/data/*.dart
TRUNCATE crop_zone_data, crop_production_guide, crop_calendar, district_crop_guide;
INSERT INTO crop_zone_data (zone_name, zone_name_sw, regions, food_crops, cash_crops, ecology_notes) VALUES ('Central Zone', 'Kanda ya Kati', ARRAY['Dodoma','Singida']::text[], ARRAY['Mtama','Uwele','Ulezi','Muhogo','Viazi vitamu']::text[], ARRAY['Zabibu','Alizeti','Karanga','Ufuta']::text[], NULL);
INSERT INTO crop_zone_data (zone_name, zone_name_sw, regions, food_crops, cash_crops, ecology_notes) VALUES ('Lake Zone', 'Kanda ya Ziwa', ARRAY['Geita','Kagera','Mara','Mwanza','Shinyanga','Simiyu']::text[], ARRAY['Mpunga','Maharage','Ndizi','Mahindi','Mtama','Muhogo','Viazi vitamu']::text[], ARRAY['Pamba','Kahawa','Chai','Miwa','Dengu','Mbaazi']::text[], NULL);
INSERT INTO crop_zone_data (zone_name, zone_name_sw, regions, food_crops, cash_crops, ecology_notes) VALUES ('Northern Zone', 'Kanda ya Kaskazini', ARRAY['Kilimanjaro','Arusha','Manyara']::text[], ARRAY['Mahindi','Mpunga','Ndizi','Mtama','Maharage','Mazao ya bustani']::text[], ARRAY['Kahawa','Ngano','Shayiri','Alizeti','Mbaazi','Maua']::text[], NULL);
INSERT INTO crop_zone_data (zone_name, zone_name_sw, regions, food_crops, cash_crops, ecology_notes) VALUES ('Eastern Zone', 'Kanda ya Mashariki', ARRAY['Morogoro','Pwani','Dar es Salaam','Tanga']::text[], ARRAY['Muhogo','Magimbi','Viazi vitamu','Mpunga','Mahindi','Mbegu za mafuta']::text[], ARRAY['Mkonge','Korosho','Miwa','Nazi','Machungwa','Embe','Mbogamboga','Viungo','Vikolezo']::text[], NULL);
INSERT INTO crop_zone_data (zone_name, zone_name_sw, regions, food_crops, cash_crops, ecology_notes) VALUES ('Western Zone', 'Kanda ya Magharibi', ARRAY['Tabora','Kigoma']::text[], ARRAY['Mahindi','Muhogo','Viazi vitamu','Ndizi','Mikunde','Mpunga']::text[], ARRAY['Kahawa','Tumbaku','Michikichi','Pamba','Tangawizi']::text[], NULL);
INSERT INTO crop_zone_data (zone_name, zone_name_sw, regions, food_crops, cash_crops, ecology_notes) VALUES ('Southern Highlands', 'Kanda ya Nyanda za Juu Kusini', ARRAY['Iringa','Katavi','Mbeya','Njombe','Rukwa','Ruvuma','Songwe']::text[], ARRAY['Mahindi','Mpunga','Maharage','Ngano','Viazi mviringo','Muhogo','Mazao ya bustani']::text[], ARRAY['Chai','Kahawa','Tumbaku','Pareto','Alizeti','Maua']::text[], NULL);
INSERT INTO crop_zone_data (zone_name, zone_name_sw, regions, food_crops, cash_crops, ecology_notes) VALUES ('Southern Zone', 'Kanda ya Kusini', ARRAY['Mtwara','Lindi']::text[], ARRAY['Muhogo','Mikunde ya jamii']::text[], ARRAY['Korosho','Nazi','Ufuta','Alizeti','Karanga','Mazao ya bustani']::text[], 'Pamoja na Wilaya ya Tunduru (Ruvuma)');
INSERT INTO crop_production_guide (crop_name_sw, crop_name_en, spacing_row_m, spacing_plant_m, seed_rate_kg_ha, fertilizer_dap_kg_ha, fertilizer_urea_kg_ha, fertilizer_tsp_kg_ha, fertilizer_can_kg_ha, fertilizer_npk_kg_ha, yield_current_t_ha, yield_potential_t_ha, plants_per_ha_min, plants_per_ha_max, maturity_months_min, maturity_months_max) VALUES ('Kahawa arabika', 'Arabica Coffee', 2.7, 2.7, NULL, 100.0, NULL, NULL, 120.0, NULL, 0.65, 2.5, 1330, 1330, 36, 48);
INSERT INTO crop_production_guide (crop_name_sw, crop_name_en, spacing_row_m, spacing_plant_m, seed_rate_kg_ha, fertilizer_dap_kg_ha, fertilizer_urea_kg_ha, fertilizer_tsp_kg_ha, fertilizer_can_kg_ha, fertilizer_npk_kg_ha, yield_current_t_ha, yield_potential_t_ha, plants_per_ha_min, plants_per_ha_max, maturity_months_min, maturity_months_max) VALUES ('Kahawa robusta', 'Robusta Coffee', 3.3, 3.3, NULL, 100.0, NULL, NULL, 120.0, NULL, 1.0, 2.0, 1075, 1075, 36, 60);
INSERT INTO crop_production_guide (crop_name_sw, crop_name_en, spacing_row_m, spacing_plant_m, seed_rate_kg_ha, fertilizer_dap_kg_ha, fertilizer_urea_kg_ha, fertilizer_tsp_kg_ha, fertilizer_can_kg_ha, fertilizer_npk_kg_ha, yield_current_t_ha, yield_potential_t_ha, plants_per_ha_min, plants_per_ha_max, maturity_months_min, maturity_months_max) VALUES ('Chai', 'Tea', 0.9, 0.6, NULL, NULL, 250.0, 50.0, NULL, NULL, 1.55, 3.5, 5000, 9760, 24, 48);
INSERT INTO crop_production_guide (crop_name_sw, crop_name_en, spacing_row_m, spacing_plant_m, seed_rate_kg_ha, fertilizer_dap_kg_ha, fertilizer_urea_kg_ha, fertilizer_tsp_kg_ha, fertilizer_can_kg_ha, fertilizer_npk_kg_ha, yield_current_t_ha, yield_potential_t_ha, plants_per_ha_min, plants_per_ha_max, maturity_months_min, maturity_months_max) VALUES ('Korosho', 'Cashew', 12.0, 12.0, NULL, NULL, NULL, NULL, NULL, NULL, 0.5, 1.0, 69, 69, 36, 48);
INSERT INTO crop_production_guide (crop_name_sw, crop_name_en, spacing_row_m, spacing_plant_m, seed_rate_kg_ha, fertilizer_dap_kg_ha, fertilizer_urea_kg_ha, fertilizer_tsp_kg_ha, fertilizer_can_kg_ha, fertilizer_npk_kg_ha, yield_current_t_ha, yield_potential_t_ha, plants_per_ha_min, plants_per_ha_max, maturity_months_min, maturity_months_max) VALUES ('Pamba', 'Cotton', 0.9, 0.3, 25.0, NULL, 30.0, 15.0, NULL, NULL, 1.5, 4.0, 37000, 37000, 6, 6);
INSERT INTO crop_production_guide (crop_name_sw, crop_name_en, spacing_row_m, spacing_plant_m, seed_rate_kg_ha, fertilizer_dap_kg_ha, fertilizer_urea_kg_ha, fertilizer_tsp_kg_ha, fertilizer_can_kg_ha, fertilizer_npk_kg_ha, yield_current_t_ha, yield_potential_t_ha, plants_per_ha_min, plants_per_ha_max, maturity_months_min, maturity_months_max) VALUES ('Tumbaku', 'Tobacco', 1.0, 0.6, 1.2, NULL, 33.75, 38.7, NULL, NULL, 1.0, 2.5, 16600, 16600, 3, 4);
INSERT INTO crop_production_guide (crop_name_sw, crop_name_en, spacing_row_m, spacing_plant_m, seed_rate_kg_ha, fertilizer_dap_kg_ha, fertilizer_urea_kg_ha, fertilizer_tsp_kg_ha, fertilizer_can_kg_ha, fertilizer_npk_kg_ha, yield_current_t_ha, yield_potential_t_ha, plants_per_ha_min, plants_per_ha_max, maturity_months_min, maturity_months_max) VALUES ('Miwa', 'Sugarcane', 1.5, NULL, NULL, NULL, 115.0, 24.7, NULL, NULL, 100.0, 200.0, 6000, 6000, 6, 8);
INSERT INTO crop_production_guide (crop_name_sw, crop_name_en, spacing_row_m, spacing_plant_m, seed_rate_kg_ha, fertilizer_dap_kg_ha, fertilizer_urea_kg_ha, fertilizer_tsp_kg_ha, fertilizer_can_kg_ha, fertilizer_npk_kg_ha, yield_current_t_ha, yield_potential_t_ha, plants_per_ha_min, plants_per_ha_max, maturity_months_min, maturity_months_max) VALUES ('Pareto', 'Pyrethrum', 0.6, 0.3, NULL, NULL, NULL, 150.0, 375.0, NULL, 0.75, 1.7, 55000, 55000, 4, 4);
INSERT INTO crop_production_guide (crop_name_sw, crop_name_en, spacing_row_m, spacing_plant_m, seed_rate_kg_ha, fertilizer_dap_kg_ha, fertilizer_urea_kg_ha, fertilizer_tsp_kg_ha, fertilizer_can_kg_ha, fertilizer_npk_kg_ha, yield_current_t_ha, yield_potential_t_ha, plants_per_ha_min, plants_per_ha_max, maturity_months_min, maturity_months_max) VALUES ('Mkonge', 'Sisal', 3.5, NULL, NULL, NULL, NULL, 125.0, 100.0, NULL, 12.0, 25.0, 4700, 4700, 24, 24);
INSERT INTO crop_production_guide (crop_name_sw, crop_name_en, spacing_row_m, spacing_plant_m, seed_rate_kg_ha, fertilizer_dap_kg_ha, fertilizer_urea_kg_ha, fertilizer_tsp_kg_ha, fertilizer_can_kg_ha, fertilizer_npk_kg_ha, yield_current_t_ha, yield_potential_t_ha, plants_per_ha_min, plants_per_ha_max, maturity_months_min, maturity_months_max) VALUES ('Mahindi', 'Maize', 0.75, 0.3, 25.0, 120.0, 250.0, 125.0, NULL, NULL, 1.75, 6.0, 44450, 50000, 3, 6);
INSERT INTO crop_production_guide (crop_name_sw, crop_name_en, spacing_row_m, spacing_plant_m, seed_rate_kg_ha, fertilizer_dap_kg_ha, fertilizer_urea_kg_ha, fertilizer_tsp_kg_ha, fertilizer_can_kg_ha, fertilizer_npk_kg_ha, yield_current_t_ha, yield_potential_t_ha, plants_per_ha_min, plants_per_ha_max, maturity_months_min, maturity_months_max) VALUES ('Mtama', 'Sorghum', 0.8, 0.3, NULL, NULL, 75.0, 75.0, NULL, NULL, 0.7, 5.0, 41200, 111000, 3, 6);
INSERT INTO crop_production_guide (crop_name_sw, crop_name_en, spacing_row_m, spacing_plant_m, seed_rate_kg_ha, fertilizer_dap_kg_ha, fertilizer_urea_kg_ha, fertilizer_tsp_kg_ha, fertilizer_can_kg_ha, fertilizer_npk_kg_ha, yield_current_t_ha, yield_potential_t_ha, plants_per_ha_min, plants_per_ha_max, maturity_months_min, maturity_months_max) VALUES ('Mpunga', 'Rice', 0.2, 0.2, 50.0, NULL, 175.0, 225.0, 300.0, NULL, 2.5, 5.0, 82000, 250000, 4, 6);
INSERT INTO crop_production_guide (crop_name_sw, crop_name_en, spacing_row_m, spacing_plant_m, seed_rate_kg_ha, fertilizer_dap_kg_ha, fertilizer_urea_kg_ha, fertilizer_tsp_kg_ha, fertilizer_can_kg_ha, fertilizer_npk_kg_ha, yield_current_t_ha, yield_potential_t_ha, plants_per_ha_min, plants_per_ha_max, maturity_months_min, maturity_months_max) VALUES ('Karanga', 'Groundnut', 0.5, 0.15, 79.0, NULL, NULL, 100.0, NULL, NULL, 0.5, 2.0, 133000, 200000, 4, 6);
INSERT INTO crop_production_guide (crop_name_sw, crop_name_en, spacing_row_m, spacing_plant_m, seed_rate_kg_ha, fertilizer_dap_kg_ha, fertilizer_urea_kg_ha, fertilizer_tsp_kg_ha, fertilizer_can_kg_ha, fertilizer_npk_kg_ha, yield_current_t_ha, yield_potential_t_ha, plants_per_ha_min, plants_per_ha_max, maturity_months_min, maturity_months_max) VALUES ('Kunde', 'Cowpea', 0.75, 0.2, 67.5, NULL, NULL, 100.0, NULL, 80.0, 0.2, 2.0, 66667, 66667, 3, 4);
INSERT INTO crop_production_guide (crop_name_sw, crop_name_en, spacing_row_m, spacing_plant_m, seed_rate_kg_ha, fertilizer_dap_kg_ha, fertilizer_urea_kg_ha, fertilizer_tsp_kg_ha, fertilizer_can_kg_ha, fertilizer_npk_kg_ha, yield_current_t_ha, yield_potential_t_ha, plants_per_ha_min, plants_per_ha_max, maturity_months_min, maturity_months_max) VALUES ('Maharage', 'Beans', 0.5, 0.1, 65.0, NULL, NULL, 100.0, NULL, 80.0, 0.5, 3.0, 167000, 200000, 3, 6);
INSERT INTO crop_production_guide (crop_name_sw, crop_name_en, spacing_row_m, spacing_plant_m, seed_rate_kg_ha, fertilizer_dap_kg_ha, fertilizer_urea_kg_ha, fertilizer_tsp_kg_ha, fertilizer_can_kg_ha, fertilizer_npk_kg_ha, yield_current_t_ha, yield_potential_t_ha, plants_per_ha_min, plants_per_ha_max, maturity_months_min, maturity_months_max) VALUES ('Alizeti', 'Sunflower', 0.9, 0.3, 10.0, NULL, NULL, 100.0, 350.0, NULL, 1.0, 4.0, 37000, 44444, 5, 6);
INSERT INTO crop_production_guide (crop_name_sw, crop_name_en, spacing_row_m, spacing_plant_m, seed_rate_kg_ha, fertilizer_dap_kg_ha, fertilizer_urea_kg_ha, fertilizer_tsp_kg_ha, fertilizer_can_kg_ha, fertilizer_npk_kg_ha, yield_current_t_ha, yield_potential_t_ha, plants_per_ha_min, plants_per_ha_max, maturity_months_min, maturity_months_max) VALUES ('Ufuta', 'Sesame', 0.6, 0.1, 3.5, NULL, NULL, 62.5, NULL, NULL, 0.3, 1.2, 55556, 166667, 3, 6);
INSERT INTO crop_production_guide (crop_name_sw, crop_name_en, spacing_row_m, spacing_plant_m, seed_rate_kg_ha, fertilizer_dap_kg_ha, fertilizer_urea_kg_ha, fertilizer_tsp_kg_ha, fertilizer_can_kg_ha, fertilizer_npk_kg_ha, yield_current_t_ha, yield_potential_t_ha, plants_per_ha_min, plants_per_ha_max, maturity_months_min, maturity_months_max) VALUES ('Uwele', 'Pearl Millet', 0.8, 0.3, 6.0, NULL, NULL, 65.0, NULL, NULL, 1.5, 3.0, 4000, 100000, 2.5, 4);
INSERT INTO crop_production_guide (crop_name_sw, crop_name_en, spacing_row_m, spacing_plant_m, seed_rate_kg_ha, fertilizer_dap_kg_ha, fertilizer_urea_kg_ha, fertilizer_tsp_kg_ha, fertilizer_can_kg_ha, fertilizer_npk_kg_ha, yield_current_t_ha, yield_potential_t_ha, plants_per_ha_min, plants_per_ha_max, maturity_months_min, maturity_months_max) VALUES ('Ulezi', 'Finger Millet', NULL, NULL, 35.0, 70.0, NULL, NULL, NULL, NULL, 1.0, 4.0, 250000, 400000, 3, 6);
INSERT INTO crop_production_guide (crop_name_sw, crop_name_en, spacing_row_m, spacing_plant_m, seed_rate_kg_ha, fertilizer_dap_kg_ha, fertilizer_urea_kg_ha, fertilizer_tsp_kg_ha, fertilizer_can_kg_ha, fertilizer_npk_kg_ha, yield_current_t_ha, yield_potential_t_ha, plants_per_ha_min, plants_per_ha_max, maturity_months_min, maturity_months_max) VALUES ('Ngano', 'Wheat', NULL, NULL, 125.0, NULL, NULL, 65.0, NULL, NULL, 1.5, 5.0, 250000, 400000, 3, 6);
INSERT INTO crop_production_guide (crop_name_sw, crop_name_en, spacing_row_m, spacing_plant_m, seed_rate_kg_ha, fertilizer_dap_kg_ha, fertilizer_urea_kg_ha, fertilizer_tsp_kg_ha, fertilizer_can_kg_ha, fertilizer_npk_kg_ha, yield_current_t_ha, yield_potential_t_ha, plants_per_ha_min, plants_per_ha_max, maturity_months_min, maturity_months_max) VALUES ('Viazi vitamu', 'Sweet Potato', 1.0, 0.3, NULL, 62.5, NULL, 62.5, NULL, NULL, 8.0, 20.0, 30000, 35000, 3, 6);
INSERT INTO crop_production_guide (crop_name_sw, crop_name_en, spacing_row_m, spacing_plant_m, seed_rate_kg_ha, fertilizer_dap_kg_ha, fertilizer_urea_kg_ha, fertilizer_tsp_kg_ha, fertilizer_can_kg_ha, fertilizer_npk_kg_ha, yield_current_t_ha, yield_potential_t_ha, plants_per_ha_min, plants_per_ha_max, maturity_months_min, maturity_months_max) VALUES ('Viazi mviringo', 'Irish Potato', 0.6, 0.3, 2250.0, 80.0, NULL, 70.0, NULL, NULL, 7.5, 30.0, 50000, 56000, 3, 6);
INSERT INTO crop_production_guide (crop_name_sw, crop_name_en, spacing_row_m, spacing_plant_m, seed_rate_kg_ha, fertilizer_dap_kg_ha, fertilizer_urea_kg_ha, fertilizer_tsp_kg_ha, fertilizer_can_kg_ha, fertilizer_npk_kg_ha, yield_current_t_ha, yield_potential_t_ha, plants_per_ha_min, plants_per_ha_max, maturity_months_min, maturity_months_max) VALUES ('Ndizi', 'Banana', 3.0, 3.0, NULL, 175.0, NULL, 140.0, NULL, NULL, 15.0, 35.0, 1111, 1111, 9, 20);
INSERT INTO crop_production_guide (crop_name_sw, crop_name_en, spacing_row_m, spacing_plant_m, seed_rate_kg_ha, fertilizer_dap_kg_ha, fertilizer_urea_kg_ha, fertilizer_tsp_kg_ha, fertilizer_can_kg_ha, fertilizer_npk_kg_ha, yield_current_t_ha, yield_potential_t_ha, plants_per_ha_min, plants_per_ha_max, maturity_months_min, maturity_months_max) VALUES ('Muhogo', 'Cassava', 1.0, 1.0, NULL, NULL, NULL, 37.5, NULL, NULL, 10.0, 60.0, 9000, 10000, 6, 24);
INSERT INTO crop_production_guide (crop_name_sw, crop_name_en, spacing_row_m, spacing_plant_m, seed_rate_kg_ha, fertilizer_dap_kg_ha, fertilizer_urea_kg_ha, fertilizer_tsp_kg_ha, fertilizer_can_kg_ha, fertilizer_npk_kg_ha, yield_current_t_ha, yield_potential_t_ha, plants_per_ha_min, plants_per_ha_max, maturity_months_min, maturity_months_max) VALUES ('Mbaazi', 'Pigeon Pea', 0.5, 0.2, 37.5, 75.0, NULL, 100.0, NULL, 80.0, 1.5, 2.5, 100000, 100000, 3, 7);
INSERT INTO crop_production_guide (crop_name_sw, crop_name_en, spacing_row_m, spacing_plant_m, seed_rate_kg_ha, fertilizer_dap_kg_ha, fertilizer_urea_kg_ha, fertilizer_tsp_kg_ha, fertilizer_can_kg_ha, fertilizer_npk_kg_ha, yield_current_t_ha, yield_potential_t_ha, plants_per_ha_min, plants_per_ha_max, maturity_months_min, maturity_months_max) VALUES ('Soya', 'Soybean', 0.6, 0.1, 70.0, 80.0, NULL, NULL, NULL, 80.0, 1.7, 2.7, 130000, 167000, 4, 7);
INSERT INTO crop_production_guide (crop_name_sw, crop_name_en, spacing_row_m, spacing_plant_m, seed_rate_kg_ha, fertilizer_dap_kg_ha, fertilizer_urea_kg_ha, fertilizer_tsp_kg_ha, fertilizer_can_kg_ha, fertilizer_npk_kg_ha, yield_current_t_ha, yield_potential_t_ha, plants_per_ha_min, plants_per_ha_max, maturity_months_min, maturity_months_max) VALUES ('Dengu', 'Lentil/Chickpea', 0.45, 0.25, 37.5, 50.0, NULL, 52.5, NULL, NULL, 0.7, 1.8, 80000, 100000, 4, 6);
INSERT INTO crop_production_guide (crop_name_sw, crop_name_en, spacing_row_m, spacing_plant_m, seed_rate_kg_ha, fertilizer_dap_kg_ha, fertilizer_urea_kg_ha, fertilizer_tsp_kg_ha, fertilizer_can_kg_ha, fertilizer_npk_kg_ha, yield_current_t_ha, yield_potential_t_ha, plants_per_ha_min, plants_per_ha_max, maturity_months_min, maturity_months_max) VALUES ('Michikichi', 'Oil Palm', 8.8, 7.6, NULL, NULL, NULL, NULL, NULL, NULL, NULL, NULL, 150, 150, 36, 48);
INSERT INTO crop_production_guide (crop_name_sw, crop_name_en, spacing_row_m, spacing_plant_m, seed_rate_kg_ha, fertilizer_dap_kg_ha, fertilizer_urea_kg_ha, fertilizer_tsp_kg_ha, fertilizer_can_kg_ha, fertilizer_npk_kg_ha, yield_current_t_ha, yield_potential_t_ha, plants_per_ha_min, plants_per_ha_max, maturity_months_min, maturity_months_max) VALUES ('Michungwa', 'Orange', 6.0, 2.5, NULL, NULL, NULL, NULL, NULL, NULL, 20.0, 45.0, 667, 667, 36, 48);
INSERT INTO crop_production_guide (crop_name_sw, crop_name_en, spacing_row_m, spacing_plant_m, seed_rate_kg_ha, fertilizer_dap_kg_ha, fertilizer_urea_kg_ha, fertilizer_tsp_kg_ha, fertilizer_can_kg_ha, fertilizer_npk_kg_ha, yield_current_t_ha, yield_potential_t_ha, plants_per_ha_min, plants_per_ha_max, maturity_months_min, maturity_months_max) VALUES ('Parachichi', 'Avocado', 8.0, 5.0, NULL, NULL, NULL, NULL, NULL, NULL, 1.0, 13.0, 250, 250, 48, 60);
INSERT INTO crop_production_guide (crop_name_sw, crop_name_en, spacing_row_m, spacing_plant_m, seed_rate_kg_ha, fertilizer_dap_kg_ha, fertilizer_urea_kg_ha, fertilizer_tsp_kg_ha, fertilizer_can_kg_ha, fertilizer_npk_kg_ha, yield_current_t_ha, yield_potential_t_ha, plants_per_ha_min, plants_per_ha_max, maturity_months_min, maturity_months_max) VALUES ('Embe', 'Mango', 10.5, 10.5, NULL, NULL, NULL, NULL, NULL, NULL, 10.0, 25.0, 90, 90, 36, 48);
INSERT INTO crop_production_guide (crop_name_sw, crop_name_en, spacing_row_m, spacing_plant_m, seed_rate_kg_ha, fertilizer_dap_kg_ha, fertilizer_urea_kg_ha, fertilizer_tsp_kg_ha, fertilizer_can_kg_ha, fertilizer_npk_kg_ha, yield_current_t_ha, yield_potential_t_ha, plants_per_ha_min, plants_per_ha_max, maturity_months_min, maturity_months_max) VALUES ('Papai', 'Papaya', 2.7, 2.7, NULL, NULL, NULL, NULL, NULL, NULL, 100.0, 2500.0, 1370, 1370, 9, 16);
INSERT INTO crop_production_guide (crop_name_sw, crop_name_en, spacing_row_m, spacing_plant_m, seed_rate_kg_ha, fertilizer_dap_kg_ha, fertilizer_urea_kg_ha, fertilizer_tsp_kg_ha, fertilizer_can_kg_ha, fertilizer_npk_kg_ha, yield_current_t_ha, yield_potential_t_ha, plants_per_ha_min, plants_per_ha_max, maturity_months_min, maturity_months_max) VALUES ('Nanasi', 'Pineapple', 0.6, 0.6, NULL, 90.0, 90.0, NULL, NULL, NULL, 40.0, 55.0, 27800, 27800, 12, 16);
INSERT INTO crop_production_guide (crop_name_sw, crop_name_en, spacing_row_m, spacing_plant_m, seed_rate_kg_ha, fertilizer_dap_kg_ha, fertilizer_urea_kg_ha, fertilizer_tsp_kg_ha, fertilizer_can_kg_ha, fertilizer_npk_kg_ha, yield_current_t_ha, yield_potential_t_ha, plants_per_ha_min, plants_per_ha_max, maturity_months_min, maturity_months_max) VALUES ('Kabichi', 'Cabbage', 0.75, 0.6, 0.25, NULL, NULL, NULL, NULL, NULL, 20.0, 40.0, 22000, 42000, 2.5, 4);
INSERT INTO crop_production_guide (crop_name_sw, crop_name_en, spacing_row_m, spacing_plant_m, seed_rate_kg_ha, fertilizer_dap_kg_ha, fertilizer_urea_kg_ha, fertilizer_tsp_kg_ha, fertilizer_can_kg_ha, fertilizer_npk_kg_ha, yield_current_t_ha, yield_potential_t_ha, plants_per_ha_min, plants_per_ha_max, maturity_months_min, maturity_months_max) VALUES ('Nyanya', 'Tomato', 0.75, 0.5, 0.5, 80.0, NULL, NULL, 75.0, NULL, 25.0, 60.0, 18000, 26000, 2.5, 4);
INSERT INTO crop_production_guide (crop_name_sw, crop_name_en, spacing_row_m, spacing_plant_m, seed_rate_kg_ha, fertilizer_dap_kg_ha, fertilizer_urea_kg_ha, fertilizer_tsp_kg_ha, fertilizer_can_kg_ha, fertilizer_npk_kg_ha, yield_current_t_ha, yield_potential_t_ha, plants_per_ha_min, plants_per_ha_max, maturity_months_min, maturity_months_max) VALUES ('Bilinganya', 'Eggplant', 0.8, 0.5, 0.5, 75.0, NULL, NULL, 80.0, NULL, 20.0, 40.0, 12500, 25000, 2.5, 4);
INSERT INTO crop_production_guide (crop_name_sw, crop_name_en, spacing_row_m, spacing_plant_m, seed_rate_kg_ha, fertilizer_dap_kg_ha, fertilizer_urea_kg_ha, fertilizer_tsp_kg_ha, fertilizer_can_kg_ha, fertilizer_npk_kg_ha, yield_current_t_ha, yield_potential_t_ha, plants_per_ha_min, plants_per_ha_max, maturity_months_min, maturity_months_max) VALUES ('Vitunguu', 'Onion', 0.3, 0.1, 4.5, 80.0, 60.0, NULL, 80.0, NULL, 7.5, 10.0, 250000, 333000, 3, 5);
INSERT INTO crop_production_guide (crop_name_sw, crop_name_en, spacing_row_m, spacing_plant_m, seed_rate_kg_ha, fertilizer_dap_kg_ha, fertilizer_urea_kg_ha, fertilizer_tsp_kg_ha, fertilizer_can_kg_ha, fertilizer_npk_kg_ha, yield_current_t_ha, yield_potential_t_ha, plants_per_ha_min, plants_per_ha_max, maturity_months_min, maturity_months_max) VALUES ('Bamia', 'Okra', 0.6, 0.3, 1.0, 75.0, NULL, NULL, 80.0, NULL, 1.8, 2.0, 56000, 56000, 2, 3);
INSERT INTO crop_production_guide (crop_name_sw, crop_name_en, spacing_row_m, spacing_plant_m, seed_rate_kg_ha, fertilizer_dap_kg_ha, fertilizer_urea_kg_ha, fertilizer_tsp_kg_ha, fertilizer_can_kg_ha, fertilizer_npk_kg_ha, yield_current_t_ha, yield_potential_t_ha, plants_per_ha_min, plants_per_ha_max, maturity_months_min, maturity_months_max) VALUES ('Karoti', 'Carrot', NULL, NULL, 4.5, 75.0, NULL, NULL, 80.0, NULL, 1.5, 15.0, 300000, 450000, 2, 3);
INSERT INTO crop_production_guide (crop_name_sw, crop_name_en, spacing_row_m, spacing_plant_m, seed_rate_kg_ha, fertilizer_dap_kg_ha, fertilizer_urea_kg_ha, fertilizer_tsp_kg_ha, fertilizer_can_kg_ha, fertilizer_npk_kg_ha, yield_current_t_ha, yield_potential_t_ha, plants_per_ha_min, plants_per_ha_max, maturity_months_min, maturity_months_max) VALUES ('Matango', 'Cucumber', 1.5, 1.2, 2.5, NULL, NULL, NULL, NULL, 150.0, 4.0, 8.0, 4000, 5000, 2, 3);
INSERT INTO crop_production_guide (crop_name_sw, crop_name_en, spacing_row_m, spacing_plant_m, seed_rate_kg_ha, fertilizer_dap_kg_ha, fertilizer_urea_kg_ha, fertilizer_tsp_kg_ha, fertilizer_can_kg_ha, fertilizer_npk_kg_ha, yield_current_t_ha, yield_potential_t_ha, plants_per_ha_min, plants_per_ha_max, maturity_months_min, maturity_months_max) VALUES ('Tikiti maji', 'Watermelon', 1.5, 1.2, 2.5, NULL, NULL, NULL, NULL, 150.0, 9.0, 12.0, 4000, 5000, 3, 4);
INSERT INTO crop_calendar (crop_name_sw, region, zone_name, activity, months_active, is_peak_month, notes) VALUES ('Mahindi', 'Mbeya, Ruvuma, Iringa, Njombe, Katavi, Rukwa, Kigoma, Tabora, Lindi, Mtwara, Singida, Dodoma, Songwe', 'Zone A', 'kutayarisha', ARRAY[12,1]::int[], 12, NULL);
INSERT INTO crop_calendar (crop_name_sw, region, zone_name, activity, months_active, is_peak_month, notes) VALUES ('Mahindi', 'Mbeya, Ruvuma, Iringa, Njombe, Katavi, Rukwa, Kigoma, Tabora, Lindi, Mtwara, Singida, Dodoma, Songwe', 'Zone A', 'kupanda', ARRAY[1,2]::int[], 1, NULL);
INSERT INTO crop_calendar (crop_name_sw, region, zone_name, activity, months_active, is_peak_month, notes) VALUES ('Mahindi', 'Mbeya, Ruvuma, Iringa, Njombe, Katavi, Rukwa, Kigoma, Tabora, Lindi, Mtwara, Singida, Dodoma, Songwe', 'Zone A', 'palizi', ARRAY[2,3]::int[], 2, NULL);
INSERT INTO crop_calendar (crop_name_sw, region, zone_name, activity, months_active, is_peak_month, notes) VALUES ('Mahindi', 'Mbeya, Ruvuma, Iringa, Njombe, Katavi, Rukwa, Kigoma, Tabora, Lindi, Mtwara, Singida, Dodoma, Songwe', 'Zone A', 'mbolea', ARRAY[2,3]::int[], 2, NULL);
INSERT INTO crop_calendar (crop_name_sw, region, zone_name, activity, months_active, is_peak_month, notes) VALUES ('Mahindi', 'Mbeya, Ruvuma, Iringa, Njombe, Katavi, Rukwa, Kigoma, Tabora, Lindi, Mtwara, Singida, Dodoma, Songwe', 'Zone A', 'visumbufu', ARRAY[3,4]::int[], 3, NULL);
INSERT INTO crop_calendar (crop_name_sw, region, zone_name, activity, months_active, is_peak_month, notes) VALUES ('Mahindi', 'Mbeya, Ruvuma, Iringa, Njombe, Katavi, Rukwa, Kigoma, Tabora, Lindi, Mtwara, Singida, Dodoma, Songwe', 'Zone A', 'kuvuna', ARRAY[5,6]::int[], 5, NULL);
INSERT INTO crop_calendar (crop_name_sw, region, zone_name, activity, months_active, is_peak_month, notes) VALUES ('Mahindi', 'Mbeya, Ruvuma, Iringa, Njombe, Katavi, Rukwa, Kigoma, Tabora, Lindi, Mtwara, Singida, Dodoma, Songwe', 'Zone A', 'kuhifadhi', ARRAY[6,7]::int[], 6, NULL);
INSERT INTO crop_calendar (crop_name_sw, region, zone_name, activity, months_active, is_peak_month, notes) VALUES ('Mahindi', 'Mbeya, Ruvuma, Iringa, Njombe, Katavi, Rukwa, Kigoma, Tabora, Lindi, Mtwara, Singida, Dodoma, Songwe', 'Zone A', 'masoko', ARRAY[6,7,8]::int[], 6, NULL);
INSERT INTO crop_calendar (crop_name_sw, region, zone_name, activity, months_active, is_peak_month, notes) VALUES ('Mahindi', 'Tanga, Pwani, Kilimanjaro, Morogoro, Kagera, Arusha, Manyara, Mara, Mwanza, Geita, Simiyu, Shinyanga, Dar es Salaam', 'Zone B', 'kutayarisha', ARRAY[2,3]::int[], 2, NULL);
INSERT INTO crop_calendar (crop_name_sw, region, zone_name, activity, months_active, is_peak_month, notes) VALUES ('Mahindi', 'Tanga, Pwani, Kilimanjaro, Morogoro, Kagera, Arusha, Manyara, Mara, Mwanza, Geita, Simiyu, Shinyanga, Dar es Salaam', 'Zone B', 'kupanda', ARRAY[3,4]::int[], 3, NULL);
INSERT INTO crop_calendar (crop_name_sw, region, zone_name, activity, months_active, is_peak_month, notes) VALUES ('Mahindi', 'Tanga, Pwani, Kilimanjaro, Morogoro, Kagera, Arusha, Manyara, Mara, Mwanza, Geita, Simiyu, Shinyanga, Dar es Salaam', 'Zone B', 'palizi', ARRAY[4,5]::int[], 4, NULL);
INSERT INTO crop_calendar (crop_name_sw, region, zone_name, activity, months_active, is_peak_month, notes) VALUES ('Mahindi', 'Tanga, Pwani, Kilimanjaro, Morogoro, Kagera, Arusha, Manyara, Mara, Mwanza, Geita, Simiyu, Shinyanga, Dar es Salaam', 'Zone B', 'mbolea', ARRAY[4,5]::int[], 4, NULL);
INSERT INTO crop_calendar (crop_name_sw, region, zone_name, activity, months_active, is_peak_month, notes) VALUES ('Mahindi', 'Tanga, Pwani, Kilimanjaro, Morogoro, Kagera, Arusha, Manyara, Mara, Mwanza, Geita, Simiyu, Shinyanga, Dar es Salaam', 'Zone B', 'visumbufu', ARRAY[5,6]::int[], 5, NULL);
INSERT INTO crop_calendar (crop_name_sw, region, zone_name, activity, months_active, is_peak_month, notes) VALUES ('Mahindi', 'Tanga, Pwani, Kilimanjaro, Morogoro, Kagera, Arusha, Manyara, Mara, Mwanza, Geita, Simiyu, Shinyanga, Dar es Salaam', 'Zone B', 'kuvuna', ARRAY[7,8,9]::int[], 7, NULL);
INSERT INTO crop_calendar (crop_name_sw, region, zone_name, activity, months_active, is_peak_month, notes) VALUES ('Mahindi', 'Tanga, Pwani, Kilimanjaro, Morogoro, Kagera, Arusha, Manyara, Mara, Mwanza, Geita, Simiyu, Shinyanga, Dar es Salaam', 'Zone B', 'kuhifadhi', ARRAY[9,10]::int[], 9, NULL);
INSERT INTO crop_calendar (crop_name_sw, region, zone_name, activity, months_active, is_peak_month, notes) VALUES ('Mahindi', 'Tanga, Pwani, Kilimanjaro, Morogoro, Kagera, Arusha, Manyara, Mara, Mwanza, Geita, Simiyu, Shinyanga, Dar es Salaam', 'Zone B', 'masoko', ARRAY[9,10,11]::int[], 9, NULL);
INSERT INTO crop_calendar (crop_name_sw, region, zone_name, activity, months_active, is_peak_month, notes) VALUES ('Mpunga', 'Mbeya, Ruvuma, Iringa, Njombe, Katavi, Rukwa, Kigoma, Tabora, Lindi, Mtwara, Singida, Dodoma, Songwe', 'Zone A', 'kutayarisha', ARRAY[12,1]::int[], 12, NULL);
INSERT INTO crop_calendar (crop_name_sw, region, zone_name, activity, months_active, is_peak_month, notes) VALUES ('Mpunga', 'Mbeya, Ruvuma, Iringa, Njombe, Katavi, Rukwa, Kigoma, Tabora, Lindi, Mtwara, Singida, Dodoma, Songwe', 'Zone A', 'kupanda', ARRAY[1,2]::int[], 1, NULL);
INSERT INTO crop_calendar (crop_name_sw, region, zone_name, activity, months_active, is_peak_month, notes) VALUES ('Mpunga', 'Mbeya, Ruvuma, Iringa, Njombe, Katavi, Rukwa, Kigoma, Tabora, Lindi, Mtwara, Singida, Dodoma, Songwe', 'Zone A', 'palizi', ARRAY[2,3]::int[], 2, NULL);
INSERT INTO crop_calendar (crop_name_sw, region, zone_name, activity, months_active, is_peak_month, notes) VALUES ('Mpunga', 'Mbeya, Ruvuma, Iringa, Njombe, Katavi, Rukwa, Kigoma, Tabora, Lindi, Mtwara, Singida, Dodoma, Songwe', 'Zone A', 'mbolea', ARRAY[2,3]::int[], 2, NULL);
INSERT INTO crop_calendar (crop_name_sw, region, zone_name, activity, months_active, is_peak_month, notes) VALUES ('Mpunga', 'Mbeya, Ruvuma, Iringa, Njombe, Katavi, Rukwa, Kigoma, Tabora, Lindi, Mtwara, Singida, Dodoma, Songwe', 'Zone A', 'visumbufu', ARRAY[3,4]::int[], 3, NULL);
INSERT INTO crop_calendar (crop_name_sw, region, zone_name, activity, months_active, is_peak_month, notes) VALUES ('Mpunga', 'Mbeya, Ruvuma, Iringa, Njombe, Katavi, Rukwa, Kigoma, Tabora, Lindi, Mtwara, Singida, Dodoma, Songwe', 'Zone A', 'kuvuna', ARRAY[6,7]::int[], 6, NULL);
INSERT INTO crop_calendar (crop_name_sw, region, zone_name, activity, months_active, is_peak_month, notes) VALUES ('Mpunga', 'Mbeya, Ruvuma, Iringa, Njombe, Katavi, Rukwa, Kigoma, Tabora, Lindi, Mtwara, Singida, Dodoma, Songwe', 'Zone A', 'masoko', ARRAY[7,8]::int[], 7, NULL);
INSERT INTO crop_calendar (crop_name_sw, region, zone_name, activity, months_active, is_peak_month, notes) VALUES ('Mpunga', 'Tanga, Pwani, Kilimanjaro, Morogoro, Kagera, Arusha, Manyara, Mara, Mwanza, Geita, Simiyu, Shinyanga, Dar es Salaam', 'Zone B', 'kutayarisha', ARRAY[3,4]::int[], 3, NULL);
INSERT INTO crop_calendar (crop_name_sw, region, zone_name, activity, months_active, is_peak_month, notes) VALUES ('Mpunga', 'Tanga, Pwani, Kilimanjaro, Morogoro, Kagera, Arusha, Manyara, Mara, Mwanza, Geita, Simiyu, Shinyanga, Dar es Salaam', 'Zone B', 'kupanda', ARRAY[4,5]::int[], 4, NULL);
INSERT INTO crop_calendar (crop_name_sw, region, zone_name, activity, months_active, is_peak_month, notes) VALUES ('Mpunga', 'Tanga, Pwani, Kilimanjaro, Morogoro, Kagera, Arusha, Manyara, Mara, Mwanza, Geita, Simiyu, Shinyanga, Dar es Salaam', 'Zone B', 'palizi', ARRAY[5,6]::int[], 5, NULL);
INSERT INTO crop_calendar (crop_name_sw, region, zone_name, activity, months_active, is_peak_month, notes) VALUES ('Mpunga', 'Tanga, Pwani, Kilimanjaro, Morogoro, Kagera, Arusha, Manyara, Mara, Mwanza, Geita, Simiyu, Shinyanga, Dar es Salaam', 'Zone B', 'mbolea', ARRAY[5,6]::int[], 5, NULL);
INSERT INTO crop_calendar (crop_name_sw, region, zone_name, activity, months_active, is_peak_month, notes) VALUES ('Mpunga', 'Tanga, Pwani, Kilimanjaro, Morogoro, Kagera, Arusha, Manyara, Mara, Mwanza, Geita, Simiyu, Shinyanga, Dar es Salaam', 'Zone B', 'visumbufu', ARRAY[6,7]::int[], 6, NULL);
INSERT INTO crop_calendar (crop_name_sw, region, zone_name, activity, months_active, is_peak_month, notes) VALUES ('Mpunga', 'Tanga, Pwani, Kilimanjaro, Morogoro, Kagera, Arusha, Manyara, Mara, Mwanza, Geita, Simiyu, Shinyanga, Dar es Salaam', 'Zone B', 'kuvuna', ARRAY[8,9,10]::int[], 8, NULL);
INSERT INTO crop_calendar (crop_name_sw, region, zone_name, activity, months_active, is_peak_month, notes) VALUES ('Mpunga', 'Tanga, Pwani, Kilimanjaro, Morogoro, Kagera, Arusha, Manyara, Mara, Mwanza, Geita, Simiyu, Shinyanga, Dar es Salaam', 'Zone B', 'masoko', ARRAY[10,11]::int[], 10, NULL);
INSERT INTO crop_calendar (crop_name_sw, region, zone_name, activity, months_active, is_peak_month, notes) VALUES ('Mtama', 'Mwanza, Geita, Shinyanga, Simiyu, Mara, Tabora, Dodoma, Singida', NULL, 'kutayarisha', ARRAY[11,12]::int[], 11, NULL);
INSERT INTO crop_calendar (crop_name_sw, region, zone_name, activity, months_active, is_peak_month, notes) VALUES ('Mtama', 'Mwanza, Geita, Shinyanga, Simiyu, Mara, Tabora, Dodoma, Singida', NULL, 'kupanda', ARRAY[12,1]::int[], 12, NULL);
INSERT INTO crop_calendar (crop_name_sw, region, zone_name, activity, months_active, is_peak_month, notes) VALUES ('Mtama', 'Mwanza, Geita, Shinyanga, Simiyu, Mara, Tabora, Dodoma, Singida', NULL, 'palizi', ARRAY[1,2]::int[], 1, NULL);
INSERT INTO crop_calendar (crop_name_sw, region, zone_name, activity, months_active, is_peak_month, notes) VALUES ('Mtama', 'Mwanza, Geita, Shinyanga, Simiyu, Mara, Tabora, Dodoma, Singida', NULL, 'mbolea', ARRAY[1,2]::int[], 1, NULL);
INSERT INTO crop_calendar (crop_name_sw, region, zone_name, activity, months_active, is_peak_month, notes) VALUES ('Mtama', 'Mwanza, Geita, Shinyanga, Simiyu, Mara, Tabora, Dodoma, Singida', NULL, 'visumbufu', ARRAY[3,4]::int[], 3, NULL);
INSERT INTO crop_calendar (crop_name_sw, region, zone_name, activity, months_active, is_peak_month, notes) VALUES ('Mtama', 'Mwanza, Geita, Shinyanga, Simiyu, Mara, Tabora, Dodoma, Singida', NULL, 'kuvuna', ARRAY[6,7]::int[], 6, NULL);
INSERT INTO crop_calendar (crop_name_sw, region, zone_name, activity, months_active, is_peak_month, notes) VALUES ('Mtama', 'Mwanza, Geita, Shinyanga, Simiyu, Mara, Tabora, Dodoma, Singida', NULL, 'masoko', ARRAY[7,8]::int[], 7, NULL);
INSERT INTO crop_calendar (crop_name_sw, region, zone_name, activity, months_active, is_peak_month, notes) VALUES ('Ulezi', 'Rukwa, Katavi, Mbeya, Singida, Ruvuma, Kigoma, Tabora, Kilimanjaro', NULL, 'kutayarisha', ARRAY[12]::int[], 12, NULL);
INSERT INTO crop_calendar (crop_name_sw, region, zone_name, activity, months_active, is_peak_month, notes) VALUES ('Ulezi', 'Rukwa, Katavi, Mbeya, Singida, Ruvuma, Kigoma, Tabora, Kilimanjaro', NULL, 'kupanda', ARRAY[1,2]::int[], 1, NULL);
INSERT INTO crop_calendar (crop_name_sw, region, zone_name, activity, months_active, is_peak_month, notes) VALUES ('Ulezi', 'Rukwa, Katavi, Mbeya, Singida, Ruvuma, Kigoma, Tabora, Kilimanjaro', NULL, 'palizi', ARRAY[2,3]::int[], 2, NULL);
INSERT INTO crop_calendar (crop_name_sw, region, zone_name, activity, months_active, is_peak_month, notes) VALUES ('Ulezi', 'Rukwa, Katavi, Mbeya, Singida, Ruvuma, Kigoma, Tabora, Kilimanjaro', NULL, 'visumbufu', ARRAY[3,4]::int[], 3, NULL);
INSERT INTO crop_calendar (crop_name_sw, region, zone_name, activity, months_active, is_peak_month, notes) VALUES ('Ulezi', 'Rukwa, Katavi, Mbeya, Singida, Ruvuma, Kigoma, Tabora, Kilimanjaro', NULL, 'kuvuna', ARRAY[5,6]::int[], 5, NULL);
INSERT INTO crop_calendar (crop_name_sw, region, zone_name, activity, months_active, is_peak_month, notes) VALUES ('Ulezi', 'Rukwa, Katavi, Mbeya, Singida, Ruvuma, Kigoma, Tabora, Kilimanjaro', NULL, 'masoko', ARRAY[6,7]::int[], 6, NULL);
INSERT INTO crop_calendar (crop_name_sw, region, zone_name, activity, months_active, is_peak_month, notes) VALUES ('Ngano', 'Rukwa, Mbeya, Ruvuma, Manyara, Arusha', NULL, 'kutayarisha', ARRAY[12]::int[], 12, NULL);
INSERT INTO crop_calendar (crop_name_sw, region, zone_name, activity, months_active, is_peak_month, notes) VALUES ('Ngano', 'Rukwa, Mbeya, Ruvuma, Manyara, Arusha', NULL, 'kupanda', ARRAY[1,2,3]::int[], 1, NULL);
INSERT INTO crop_calendar (crop_name_sw, region, zone_name, activity, months_active, is_peak_month, notes) VALUES ('Ngano', 'Rukwa, Mbeya, Ruvuma, Manyara, Arusha', NULL, 'palizi', ARRAY[3,4]::int[], 3, NULL);
INSERT INTO crop_calendar (crop_name_sw, region, zone_name, activity, months_active, is_peak_month, notes) VALUES ('Ngano', 'Rukwa, Mbeya, Ruvuma, Manyara, Arusha', NULL, 'mbolea', ARRAY[3,4]::int[], 3, NULL);
INSERT INTO crop_calendar (crop_name_sw, region, zone_name, activity, months_active, is_peak_month, notes) VALUES ('Ngano', 'Rukwa, Mbeya, Ruvuma, Manyara, Arusha', NULL, 'kuvuna', ARRAY[6,7]::int[], 6, NULL);
INSERT INTO crop_calendar (crop_name_sw, region, zone_name, activity, months_active, is_peak_month, notes) VALUES ('Ngano', 'Rukwa, Mbeya, Ruvuma, Manyara, Arusha', NULL, 'masoko', ARRAY[7,8]::int[], 7, NULL);
INSERT INTO crop_calendar (crop_name_sw, region, zone_name, activity, months_active, is_peak_month, notes) VALUES ('Muhogo', 'Mbeya, Tabora, Ruvuma, Katavi, Rukwa, Kigoma, Lindi, Mtwara, Tanga, Pwani, Mwanza, Geita, Simiyu, Morogoro, Kagera, Mara', NULL, 'kutayarisha', ARRAY[10,11]::int[], 10, 'Huvunwa miezi 6-24 baada ya kupanda');
INSERT INTO crop_calendar (crop_name_sw, region, zone_name, activity, months_active, is_peak_month, notes) VALUES ('Muhogo', 'Mbeya, Tabora, Ruvuma, Katavi, Rukwa, Kigoma, Lindi, Mtwara, Tanga, Pwani, Mwanza, Geita, Simiyu, Morogoro, Kagera, Mara', NULL, 'kupanda', ARRAY[11,12,1,2]::int[], 11, 'Huvunwa miezi 6-24 baada ya kupanda');
INSERT INTO crop_calendar (crop_name_sw, region, zone_name, activity, months_active, is_peak_month, notes) VALUES ('Muhogo', 'Mbeya, Tabora, Ruvuma, Katavi, Rukwa, Kigoma, Lindi, Mtwara, Tanga, Pwani, Mwanza, Geita, Simiyu, Morogoro, Kagera, Mara', NULL, 'palizi', ARRAY[1,2,3]::int[], 1, 'Huvunwa miezi 6-24 baada ya kupanda');
INSERT INTO crop_calendar (crop_name_sw, region, zone_name, activity, months_active, is_peak_month, notes) VALUES ('Muhogo', 'Mbeya, Tabora, Ruvuma, Katavi, Rukwa, Kigoma, Lindi, Mtwara, Tanga, Pwani, Mwanza, Geita, Simiyu, Morogoro, Kagera, Mara', NULL, 'visumbufu', ARRAY[3,4,5]::int[], 3, 'Huvunwa miezi 6-24 baada ya kupanda');
INSERT INTO crop_calendar (crop_name_sw, region, zone_name, activity, months_active, is_peak_month, notes) VALUES ('Muhogo', 'Mbeya, Tabora, Ruvuma, Katavi, Rukwa, Kigoma, Lindi, Mtwara, Tanga, Pwani, Mwanza, Geita, Simiyu, Morogoro, Kagera, Mara', NULL, 'kuvuna', ARRAY[6,7,8]::int[], 6, 'Huvunwa miezi 6-24 baada ya kupanda');
INSERT INTO crop_calendar (crop_name_sw, region, zone_name, activity, months_active, is_peak_month, notes) VALUES ('Muhogo', 'Mbeya, Tabora, Ruvuma, Katavi, Rukwa, Kigoma, Lindi, Mtwara, Tanga, Pwani, Mwanza, Geita, Simiyu, Morogoro, Kagera, Mara', NULL, 'masoko', ARRAY[8,9]::int[], 8, 'Huvunwa miezi 6-24 baada ya kupanda');
INSERT INTO crop_calendar (crop_name_sw, region, zone_name, activity, months_active, is_peak_month, notes) VALUES ('Ndizi', 'Mbeya, Mara, Kigoma, Kagera, Morogoro, Tanga, Rukwa, Katavi, Kilimanjaro, Arusha, Manyara', NULL, 'kupanda', ARRAY[11,12,1,2,3]::int[], 11, 'Huzalishwa mwaka mzima; mavuno makuu Jul-Okt');
INSERT INTO crop_calendar (crop_name_sw, region, zone_name, activity, months_active, is_peak_month, notes) VALUES ('Ndizi', 'Mbeya, Mara, Kigoma, Kagera, Morogoro, Tanga, Rukwa, Katavi, Kilimanjaro, Arusha, Manyara', NULL, 'mbolea', ARRAY[3,4,11,12]::int[], 3, 'Huzalishwa mwaka mzima; mavuno makuu Jul-Okt');
INSERT INTO crop_calendar (crop_name_sw, region, zone_name, activity, months_active, is_peak_month, notes) VALUES ('Ndizi', 'Mbeya, Mara, Kigoma, Kagera, Morogoro, Tanga, Rukwa, Katavi, Kilimanjaro, Arusha, Manyara', NULL, 'kuvuna', ARRAY[7,8,9,10]::int[], 7, 'Huzalishwa mwaka mzima; mavuno makuu Jul-Okt');
INSERT INTO crop_calendar (crop_name_sw, region, zone_name, activity, months_active, is_peak_month, notes) VALUES ('Ndizi', 'Mbeya, Mara, Kigoma, Kagera, Morogoro, Tanga, Rukwa, Katavi, Kilimanjaro, Arusha, Manyara', NULL, 'masoko', ARRAY[7,8,9,10,11]::int[], 7, 'Huzalishwa mwaka mzima; mavuno makuu Jul-Okt');
INSERT INTO crop_calendar (crop_name_sw, region, zone_name, activity, months_active, is_peak_month, notes) VALUES ('Maharage', 'Mbeya, Ruvuma, Iringa, Njombe, Katavi, Rukwa, Kigoma, Tabora, Lindi, Mtwara, Singida, Dodoma, Songwe', 'Zone A', 'kutayarisha', ARRAY[12]::int[], 12, NULL);
INSERT INTO crop_calendar (crop_name_sw, region, zone_name, activity, months_active, is_peak_month, notes) VALUES ('Maharage', 'Mbeya, Ruvuma, Iringa, Njombe, Katavi, Rukwa, Kigoma, Tabora, Lindi, Mtwara, Singida, Dodoma, Songwe', 'Zone A', 'kupanda', ARRAY[1,2]::int[], 1, NULL);
INSERT INTO crop_calendar (crop_name_sw, region, zone_name, activity, months_active, is_peak_month, notes) VALUES ('Maharage', 'Mbeya, Ruvuma, Iringa, Njombe, Katavi, Rukwa, Kigoma, Tabora, Lindi, Mtwara, Singida, Dodoma, Songwe', 'Zone A', 'palizi', ARRAY[2,3]::int[], 2, NULL);
INSERT INTO crop_calendar (crop_name_sw, region, zone_name, activity, months_active, is_peak_month, notes) VALUES ('Maharage', 'Mbeya, Ruvuma, Iringa, Njombe, Katavi, Rukwa, Kigoma, Tabora, Lindi, Mtwara, Singida, Dodoma, Songwe', 'Zone A', 'visumbufu', ARRAY[3,4]::int[], 3, NULL);
INSERT INTO crop_calendar (crop_name_sw, region, zone_name, activity, months_active, is_peak_month, notes) VALUES ('Maharage', 'Mbeya, Ruvuma, Iringa, Njombe, Katavi, Rukwa, Kigoma, Tabora, Lindi, Mtwara, Singida, Dodoma, Songwe', 'Zone A', 'kuvuna', ARRAY[5,6]::int[], 5, NULL);
INSERT INTO crop_calendar (crop_name_sw, region, zone_name, activity, months_active, is_peak_month, notes) VALUES ('Maharage', 'Mbeya, Ruvuma, Iringa, Njombe, Katavi, Rukwa, Kigoma, Tabora, Lindi, Mtwara, Singida, Dodoma, Songwe', 'Zone A', 'masoko', ARRAY[6,7]::int[], 6, NULL);
INSERT INTO crop_calendar (crop_name_sw, region, zone_name, activity, months_active, is_peak_month, notes) VALUES ('Maharage', 'Tanga, Pwani, Kilimanjaro, Morogoro, Kagera, Arusha, Manyara, Mara, Mwanza, Geita, Simiyu, Shinyanga, Dar es Salaam', 'Zone B', 'kutayarisha', ARRAY[2]::int[], 2, NULL);
INSERT INTO crop_calendar (crop_name_sw, region, zone_name, activity, months_active, is_peak_month, notes) VALUES ('Maharage', 'Tanga, Pwani, Kilimanjaro, Morogoro, Kagera, Arusha, Manyara, Mara, Mwanza, Geita, Simiyu, Shinyanga, Dar es Salaam', 'Zone B', 'kupanda', ARRAY[3,4]::int[], 3, NULL);
INSERT INTO crop_calendar (crop_name_sw, region, zone_name, activity, months_active, is_peak_month, notes) VALUES ('Maharage', 'Tanga, Pwani, Kilimanjaro, Morogoro, Kagera, Arusha, Manyara, Mara, Mwanza, Geita, Simiyu, Shinyanga, Dar es Salaam', 'Zone B', 'palizi', ARRAY[4,5]::int[], 4, NULL);
INSERT INTO crop_calendar (crop_name_sw, region, zone_name, activity, months_active, is_peak_month, notes) VALUES ('Maharage', 'Tanga, Pwani, Kilimanjaro, Morogoro, Kagera, Arusha, Manyara, Mara, Mwanza, Geita, Simiyu, Shinyanga, Dar es Salaam', 'Zone B', 'visumbufu', ARRAY[5,6]::int[], 5, NULL);
INSERT INTO crop_calendar (crop_name_sw, region, zone_name, activity, months_active, is_peak_month, notes) VALUES ('Maharage', 'Tanga, Pwani, Kilimanjaro, Morogoro, Kagera, Arusha, Manyara, Mara, Mwanza, Geita, Simiyu, Shinyanga, Dar es Salaam', 'Zone B', 'kuvuna', ARRAY[8,9]::int[], 8, NULL);
INSERT INTO crop_calendar (crop_name_sw, region, zone_name, activity, months_active, is_peak_month, notes) VALUES ('Maharage', 'Tanga, Pwani, Kilimanjaro, Morogoro, Kagera, Arusha, Manyara, Mara, Mwanza, Geita, Simiyu, Shinyanga, Dar es Salaam', 'Zone B', 'masoko', ARRAY[9,10]::int[], 9, NULL);
INSERT INTO crop_calendar (crop_name_sw, region, zone_name, activity, months_active, is_peak_month, notes) VALUES ('Alizeti', 'Mbeya, Ruvuma, Iringa, Njombe, Rukwa, Katavi, Kigoma, Tabora, Lindi, Mtwara, Singida, Dodoma', NULL, 'kutayarisha', ARRAY[12]::int[], 12, NULL);
INSERT INTO crop_calendar (crop_name_sw, region, zone_name, activity, months_active, is_peak_month, notes) VALUES ('Alizeti', 'Mbeya, Ruvuma, Iringa, Njombe, Rukwa, Katavi, Kigoma, Tabora, Lindi, Mtwara, Singida, Dodoma', NULL, 'kupanda', ARRAY[1,2]::int[], 1, NULL);
INSERT INTO crop_calendar (crop_name_sw, region, zone_name, activity, months_active, is_peak_month, notes) VALUES ('Alizeti', 'Mbeya, Ruvuma, Iringa, Njombe, Rukwa, Katavi, Kigoma, Tabora, Lindi, Mtwara, Singida, Dodoma', NULL, 'palizi', ARRAY[2,3]::int[], 2, NULL);
INSERT INTO crop_calendar (crop_name_sw, region, zone_name, activity, months_active, is_peak_month, notes) VALUES ('Alizeti', 'Mbeya, Ruvuma, Iringa, Njombe, Rukwa, Katavi, Kigoma, Tabora, Lindi, Mtwara, Singida, Dodoma', NULL, 'mbolea', ARRAY[2,3]::int[], 2, NULL);
INSERT INTO crop_calendar (crop_name_sw, region, zone_name, activity, months_active, is_peak_month, notes) VALUES ('Alizeti', 'Mbeya, Ruvuma, Iringa, Njombe, Rukwa, Katavi, Kigoma, Tabora, Lindi, Mtwara, Singida, Dodoma', NULL, 'visumbufu', ARRAY[3,4]::int[], 3, NULL);
INSERT INTO crop_calendar (crop_name_sw, region, zone_name, activity, months_active, is_peak_month, notes) VALUES ('Alizeti', 'Mbeya, Ruvuma, Iringa, Njombe, Rukwa, Katavi, Kigoma, Tabora, Lindi, Mtwara, Singida, Dodoma', NULL, 'kuvuna', ARRAY[6,7]::int[], 6, NULL);
INSERT INTO crop_calendar (crop_name_sw, region, zone_name, activity, months_active, is_peak_month, notes) VALUES ('Alizeti', 'Mbeya, Ruvuma, Iringa, Njombe, Rukwa, Katavi, Kigoma, Tabora, Lindi, Mtwara, Singida, Dodoma', NULL, 'masoko', ARRAY[7,8]::int[], 7, NULL);
INSERT INTO crop_calendar (crop_name_sw, region, zone_name, activity, months_active, is_peak_month, notes) VALUES ('Karanga', NULL, NULL, 'kutayarisha', ARRAY[10,11]::int[], 10, NULL);
INSERT INTO crop_calendar (crop_name_sw, region, zone_name, activity, months_active, is_peak_month, notes) VALUES ('Karanga', NULL, NULL, 'kupanda', ARRAY[11,12,1]::int[], 11, NULL);
INSERT INTO crop_calendar (crop_name_sw, region, zone_name, activity, months_active, is_peak_month, notes) VALUES ('Karanga', NULL, NULL, 'palizi', ARRAY[1,2]::int[], 1, NULL);
INSERT INTO crop_calendar (crop_name_sw, region, zone_name, activity, months_active, is_peak_month, notes) VALUES ('Karanga', NULL, NULL, 'visumbufu', ARRAY[2,3]::int[], 2, NULL);
INSERT INTO crop_calendar (crop_name_sw, region, zone_name, activity, months_active, is_peak_month, notes) VALUES ('Karanga', NULL, NULL, 'kuvuna', ARRAY[4,5,6]::int[], 4, NULL);
INSERT INTO crop_calendar (crop_name_sw, region, zone_name, activity, months_active, is_peak_month, notes) VALUES ('Karanga', NULL, NULL, 'masoko', ARRAY[6,7]::int[], 6, NULL);
INSERT INTO crop_calendar (crop_name_sw, region, zone_name, activity, months_active, is_peak_month, notes) VALUES ('Ufuta', NULL, NULL, 'kutayarisha', ARRAY[12]::int[], 12, NULL);
INSERT INTO crop_calendar (crop_name_sw, region, zone_name, activity, months_active, is_peak_month, notes) VALUES ('Ufuta', NULL, NULL, 'kupanda', ARRAY[1,2]::int[], 1, NULL);
INSERT INTO crop_calendar (crop_name_sw, region, zone_name, activity, months_active, is_peak_month, notes) VALUES ('Ufuta', NULL, NULL, 'palizi', ARRAY[2,3]::int[], 2, NULL);
INSERT INTO crop_calendar (crop_name_sw, region, zone_name, activity, months_active, is_peak_month, notes) VALUES ('Ufuta', NULL, NULL, 'visumbufu', ARRAY[3,4]::int[], 3, NULL);
INSERT INTO crop_calendar (crop_name_sw, region, zone_name, activity, months_active, is_peak_month, notes) VALUES ('Ufuta', NULL, NULL, 'kuvuna', ARRAY[5,6,7]::int[], 5, NULL);
INSERT INTO crop_calendar (crop_name_sw, region, zone_name, activity, months_active, is_peak_month, notes) VALUES ('Ufuta', NULL, NULL, 'masoko', ARRAY[7,8]::int[], 7, NULL);
INSERT INTO crop_calendar (crop_name_sw, region, zone_name, activity, months_active, is_peak_month, notes) VALUES ('Pamba', 'Mwanza, Geita, Simiyu, Shinyanga, Mara, Tabora, Singida, Kigoma', 'Zone A', 'kutayarisha', ARRAY[10]::int[], 10, NULL);
INSERT INTO crop_calendar (crop_name_sw, region, zone_name, activity, months_active, is_peak_month, notes) VALUES ('Pamba', 'Mwanza, Geita, Simiyu, Shinyanga, Mara, Tabora, Singida, Kigoma', 'Zone A', 'kupanda', ARRAY[11,12]::int[], 11, NULL);
INSERT INTO crop_calendar (crop_name_sw, region, zone_name, activity, months_active, is_peak_month, notes) VALUES ('Pamba', 'Mwanza, Geita, Simiyu, Shinyanga, Mara, Tabora, Singida, Kigoma', 'Zone A', 'palizi', ARRAY[12,1]::int[], 12, NULL);
INSERT INTO crop_calendar (crop_name_sw, region, zone_name, activity, months_active, is_peak_month, notes) VALUES ('Pamba', 'Mwanza, Geita, Simiyu, Shinyanga, Mara, Tabora, Singida, Kigoma', 'Zone A', 'mbolea', ARRAY[12,1]::int[], 12, NULL);
INSERT INTO crop_calendar (crop_name_sw, region, zone_name, activity, months_active, is_peak_month, notes) VALUES ('Pamba', 'Mwanza, Geita, Simiyu, Shinyanga, Mara, Tabora, Singida, Kigoma', 'Zone A', 'visumbufu', ARRAY[1,2,3]::int[], 1, NULL);
INSERT INTO crop_calendar (crop_name_sw, region, zone_name, activity, months_active, is_peak_month, notes) VALUES ('Pamba', 'Mwanza, Geita, Simiyu, Shinyanga, Mara, Tabora, Singida, Kigoma', 'Zone A', 'kuvuna', ARRAY[6,7,8]::int[], 6, NULL);
INSERT INTO crop_calendar (crop_name_sw, region, zone_name, activity, months_active, is_peak_month, notes) VALUES ('Pamba', 'Mwanza, Geita, Simiyu, Shinyanga, Mara, Tabora, Singida, Kigoma', 'Zone A', 'masoko', ARRAY[8,9]::int[], 8, NULL);
INSERT INTO crop_calendar (crop_name_sw, region, zone_name, activity, months_active, is_peak_month, notes) VALUES ('Pamba', 'Morogoro, Kilimanjaro, Tanga, Arusha, Pwani', 'Zone B', 'kutayarisha', ARRAY[2]::int[], 2, NULL);
INSERT INTO crop_calendar (crop_name_sw, region, zone_name, activity, months_active, is_peak_month, notes) VALUES ('Pamba', 'Morogoro, Kilimanjaro, Tanga, Arusha, Pwani', 'Zone B', 'kupanda', ARRAY[3,4]::int[], 3, NULL);
INSERT INTO crop_calendar (crop_name_sw, region, zone_name, activity, months_active, is_peak_month, notes) VALUES ('Pamba', 'Morogoro, Kilimanjaro, Tanga, Arusha, Pwani', 'Zone B', 'palizi', ARRAY[4,5]::int[], 4, NULL);
INSERT INTO crop_calendar (crop_name_sw, region, zone_name, activity, months_active, is_peak_month, notes) VALUES ('Pamba', 'Morogoro, Kilimanjaro, Tanga, Arusha, Pwani', 'Zone B', 'mbolea', ARRAY[4,5]::int[], 4, NULL);
INSERT INTO crop_calendar (crop_name_sw, region, zone_name, activity, months_active, is_peak_month, notes) VALUES ('Pamba', 'Morogoro, Kilimanjaro, Tanga, Arusha, Pwani', 'Zone B', 'visumbufu', ARRAY[5,6,7]::int[], 5, NULL);
INSERT INTO crop_calendar (crop_name_sw, region, zone_name, activity, months_active, is_peak_month, notes) VALUES ('Pamba', 'Morogoro, Kilimanjaro, Tanga, Arusha, Pwani', 'Zone B', 'kuvuna', ARRAY[8,9]::int[], 8, NULL);
INSERT INTO crop_calendar (crop_name_sw, region, zone_name, activity, months_active, is_peak_month, notes) VALUES ('Pamba', 'Morogoro, Kilimanjaro, Tanga, Arusha, Pwani', 'Zone B', 'masoko', ARRAY[9,10]::int[], 9, NULL);
INSERT INTO crop_calendar (crop_name_sw, region, zone_name, activity, months_active, is_peak_month, notes) VALUES ('Chai', 'Iringa, Njombe, Mbeya, Tanga, Kagera', NULL, 'kuvuna', ARRAY[1,2,3,4,5,6,7,8,9,10,11,12]::int[], 1, 'Huvunwa mwaka mzima kila siku 5-7');
INSERT INTO crop_calendar (crop_name_sw, region, zone_name, activity, months_active, is_peak_month, notes) VALUES ('Chai', 'Iringa, Njombe, Mbeya, Tanga, Kagera', NULL, 'mbolea', ARRAY[10,11]::int[], 10, 'Huvunwa mwaka mzima kila siku 5-7');
INSERT INTO crop_calendar (crop_name_sw, region, zone_name, activity, months_active, is_peak_month, notes) VALUES ('Kahawa', 'Arusha, Kilimanjaro, Tanga, Mara, Mbeya, Iringa, Njombe, Ruvuma, Morogoro', NULL, 'mbolea', ARRAY[10,11,3,4]::int[], 10, 'Mavuno makuu Jun-Sep');
INSERT INTO crop_calendar (crop_name_sw, region, zone_name, activity, months_active, is_peak_month, notes) VALUES ('Kahawa', 'Arusha, Kilimanjaro, Tanga, Mara, Mbeya, Iringa, Njombe, Ruvuma, Morogoro', NULL, 'visumbufu', ARRAY[1,2,3]::int[], 1, 'Mavuno makuu Jun-Sep');
INSERT INTO crop_calendar (crop_name_sw, region, zone_name, activity, months_active, is_peak_month, notes) VALUES ('Kahawa', 'Arusha, Kilimanjaro, Tanga, Mara, Mbeya, Iringa, Njombe, Ruvuma, Morogoro', NULL, 'kuvuna', ARRAY[6,7,8,9]::int[], 6, 'Mavuno makuu Jun-Sep');
INSERT INTO crop_calendar (crop_name_sw, region, zone_name, activity, months_active, is_peak_month, notes) VALUES ('Kahawa', 'Arusha, Kilimanjaro, Tanga, Mara, Mbeya, Iringa, Njombe, Ruvuma, Morogoro', NULL, 'masoko', ARRAY[9,10,11]::int[], 9, 'Mavuno makuu Jun-Sep');
INSERT INTO crop_calendar (crop_name_sw, region, zone_name, activity, months_active, is_peak_month, notes) VALUES ('Korosho', 'Mtwara, Lindi, Ruvuma, Tanga, Morogoro, Pwani', NULL, 'visumbufu', ARRAY[6,7,8]::int[], 6, NULL);
INSERT INTO crop_calendar (crop_name_sw, region, zone_name, activity, months_active, is_peak_month, notes) VALUES ('Korosho', 'Mtwara, Lindi, Ruvuma, Tanga, Morogoro, Pwani', NULL, 'kuvuna', ARRAY[9,10,11,12,1]::int[], 9, NULL);
INSERT INTO crop_calendar (crop_name_sw, region, zone_name, activity, months_active, is_peak_month, notes) VALUES ('Korosho', 'Mtwara, Lindi, Ruvuma, Tanga, Morogoro, Pwani', NULL, 'masoko', ARRAY[10,11,12,1,2]::int[], 10, NULL);
INSERT INTO crop_calendar (crop_name_sw, region, zone_name, activity, months_active, is_peak_month, notes) VALUES ('Nyanya', NULL, NULL, 'kupanda', ARRAY[1,2,6,7]::int[], 1, 'Mwaka mzima kwa umwagiliaji; kilele Mar-Jun na Sep-Dec');
INSERT INTO crop_calendar (crop_name_sw, region, zone_name, activity, months_active, is_peak_month, notes) VALUES ('Nyanya', NULL, NULL, 'palizi', ARRAY[2,3,7,8]::int[], 2, 'Mwaka mzima kwa umwagiliaji; kilele Mar-Jun na Sep-Dec');
INSERT INTO crop_calendar (crop_name_sw, region, zone_name, activity, months_active, is_peak_month, notes) VALUES ('Nyanya', NULL, NULL, 'mbolea', ARRAY[2,3,7,8]::int[], 2, 'Mwaka mzima kwa umwagiliaji; kilele Mar-Jun na Sep-Dec');
INSERT INTO crop_calendar (crop_name_sw, region, zone_name, activity, months_active, is_peak_month, notes) VALUES ('Nyanya', NULL, NULL, 'visumbufu', ARRAY[3,4,8,9]::int[], 3, 'Mwaka mzima kwa umwagiliaji; kilele Mar-Jun na Sep-Dec');
INSERT INTO crop_calendar (crop_name_sw, region, zone_name, activity, months_active, is_peak_month, notes) VALUES ('Nyanya', NULL, NULL, 'kuvuna', ARRAY[3,4,5,6,9,10,11,12]::int[], 3, 'Mwaka mzima kwa umwagiliaji; kilele Mar-Jun na Sep-Dec');
INSERT INTO crop_calendar (crop_name_sw, region, zone_name, activity, months_active, is_peak_month, notes) VALUES ('Nyanya', NULL, NULL, 'masoko', ARRAY[3,4,5,6,9,10,11,12]::int[], 3, 'Mwaka mzima kwa umwagiliaji; kilele Mar-Jun na Sep-Dec');
INSERT INTO crop_calendar (crop_name_sw, region, zone_name, activity, months_active, is_peak_month, notes) VALUES ('Vitunguu', NULL, NULL, 'kupanda', ARRAY[3,4,5]::int[], 3, 'Msimu mkuu Jun-Sep');
INSERT INTO crop_calendar (crop_name_sw, region, zone_name, activity, months_active, is_peak_month, notes) VALUES ('Vitunguu', NULL, NULL, 'palizi', ARRAY[5,6]::int[], 5, 'Msimu mkuu Jun-Sep');
INSERT INTO crop_calendar (crop_name_sw, region, zone_name, activity, months_active, is_peak_month, notes) VALUES ('Vitunguu', NULL, NULL, 'mbolea', ARRAY[5,6]::int[], 5, 'Msimu mkuu Jun-Sep');
INSERT INTO crop_calendar (crop_name_sw, region, zone_name, activity, months_active, is_peak_month, notes) VALUES ('Vitunguu', NULL, NULL, 'kuvuna', ARRAY[6,7,8,9]::int[], 6, 'Msimu mkuu Jun-Sep');
INSERT INTO crop_calendar (crop_name_sw, region, zone_name, activity, months_active, is_peak_month, notes) VALUES ('Vitunguu', NULL, NULL, 'masoko', ARRAY[8,9,10]::int[], 8, 'Msimu mkuu Jun-Sep');
INSERT INTO crop_calendar (crop_name_sw, region, zone_name, activity, months_active, is_peak_month, notes) VALUES ('Zabibu', 'Dodoma, Singida, Morogoro', NULL, 'kupanda', ARRAY[10,11]::int[], 10, NULL);
INSERT INTO crop_calendar (crop_name_sw, region, zone_name, activity, months_active, is_peak_month, notes) VALUES ('Zabibu', 'Dodoma, Singida, Morogoro', NULL, 'palizi', ARRAY[12,1]::int[], 12, NULL);
INSERT INTO crop_calendar (crop_name_sw, region, zone_name, activity, months_active, is_peak_month, notes) VALUES ('Zabibu', 'Dodoma, Singida, Morogoro', NULL, 'mbolea', ARRAY[12,1]::int[], 12, NULL);
INSERT INTO crop_calendar (crop_name_sw, region, zone_name, activity, months_active, is_peak_month, notes) VALUES ('Zabibu', 'Dodoma, Singida, Morogoro', NULL, 'kuvuna', ARRAY[2,3,4,5]::int[], 2, NULL);
INSERT INTO crop_calendar (crop_name_sw, region, zone_name, activity, months_active, is_peak_month, notes) VALUES ('Zabibu', 'Dodoma, Singida, Morogoro', NULL, 'masoko', ARRAY[3,4,5,6]::int[], 3, NULL);
INSERT INTO district_crop_guide (mkoa, wilaya, zone_name, priority_business_crops, priority_food_crops, other_business_crops, other_food_crops, altitude_min_m, altitude_max_m, rainfall_min_mm, rainfall_max_mm, temperature_min_c, temperature_max_c, soil_ph_min, soil_ph_max, soil_type) VALUES ('Arusha', 'Arusha', 'Kanda ya Kaskazini', ARRAY['Kahawa','Maua']::text[], ARRAY['Mahindi','Maharage','Ndizi','Viazi mviringo']::text[], ARRAY['Mazao ya bustani','Alizeti','Ufuta','Mikunde']::text[], NULL, 500, 1700, 800, 1200, 15, 30, 5.0, 8.5, 'Tifutifu, kichanga, calcium');
INSERT INTO district_crop_guide (mkoa, wilaya, zone_name, priority_business_crops, priority_food_crops, other_business_crops, other_food_crops, altitude_min_m, altitude_max_m, rainfall_min_mm, rainfall_max_mm, temperature_min_c, temperature_max_c, soil_ph_min, soil_ph_max, soil_type) VALUES ('Arusha', 'Karatu', 'Kanda ya Kaskazini', ARRAY['Kahawa','Shayiri','Vitunguu maji']::text[], ARRAY['Mahindi','Maharage']::text[], NULL, NULL, 900, 2500, 200, 1400, 10, 30, 4.0, 8.5, NULL);
INSERT INTO district_crop_guide (mkoa, wilaya, zone_name, priority_business_crops, priority_food_crops, other_business_crops, other_food_crops, altitude_min_m, altitude_max_m, rainfall_min_mm, rainfall_max_mm, temperature_min_c, temperature_max_c, soil_ph_min, soil_ph_max, soil_type) VALUES ('Arusha', 'Longido', 'Kanda ya Kaskazini', ARRAY['Ndizi','Vitunguu saumu']::text[], ARRAY['Mahindi','Maharage','Mtama']::text[], NULL, NULL, 500, 1700, 400, 1300, 10, 30, 6.5, 8.5, NULL);
INSERT INTO district_crop_guide (mkoa, wilaya, zone_name, priority_business_crops, priority_food_crops, other_business_crops, other_food_crops, altitude_min_m, altitude_max_m, rainfall_min_mm, rainfall_max_mm, temperature_min_c, temperature_max_c, soil_ph_min, soil_ph_max, soil_type) VALUES ('Arusha', 'Monduli', 'Kanda ya Kaskazini', ARRAY['Kahawa','Ndizi','Vitunguu saumu','Mazao ya bustani']::text[], ARRAY['Mahindi','Mbaazi']::text[], NULL, NULL, 500, 2500, 200, 1400, 5, 30, 5.0, 8.5, NULL);
INSERT INTO district_crop_guide (mkoa, wilaya, zone_name, priority_business_crops, priority_food_crops, other_business_crops, other_food_crops, altitude_min_m, altitude_max_m, rainfall_min_mm, rainfall_max_mm, temperature_min_c, temperature_max_c, soil_ph_min, soil_ph_max, soil_type) VALUES ('Arusha', 'Ngorongoro', 'Kanda ya Kaskazini', ARRAY['Mazao ya bustani']::text[], ARRAY['Mahindi','Mtama']::text[], NULL, NULL, 900, 2500, 400, 1400, 5, 30, 4.5, 8.5, NULL);
INSERT INTO district_crop_guide (mkoa, wilaya, zone_name, priority_business_crops, priority_food_crops, other_business_crops, other_food_crops, altitude_min_m, altitude_max_m, rainfall_min_mm, rainfall_max_mm, temperature_min_c, temperature_max_c, soil_ph_min, soil_ph_max, soil_type) VALUES ('Dar es Salaam', 'Ilala', 'Kanda ya Mashariki', ARRAY['Tikiti maji','Maembe','Muhogo']::text[], ARRAY['Muhogo','Viazi vitamu']::text[], NULL, NULL, 0, 500, 800, 1200, 25, 35, 5.0, 7.0, 'Kichanga, chumvi, tifutifu, mfinyanzi');
INSERT INTO district_crop_guide (mkoa, wilaya, zone_name, priority_business_crops, priority_food_crops, other_business_crops, other_food_crops, altitude_min_m, altitude_max_m, rainfall_min_mm, rainfall_max_mm, temperature_min_c, temperature_max_c, soil_ph_min, soil_ph_max, soil_type) VALUES ('Dar es Salaam', 'Kinondoni', 'Kanda ya Mashariki', ARRAY['Tikiti maji','Maembe','Muhogo']::text[], ARRAY['Muhogo','Viazi vitamu']::text[], NULL, NULL, 0, 500, 800, 1200, 25, 35, 5.0, 7.0, 'Kichanga, chumvi, tifutifu, mfinyanzi');
INSERT INTO district_crop_guide (mkoa, wilaya, zone_name, priority_business_crops, priority_food_crops, other_business_crops, other_food_crops, altitude_min_m, altitude_max_m, rainfall_min_mm, rainfall_max_mm, temperature_min_c, temperature_max_c, soil_ph_min, soil_ph_max, soil_type) VALUES ('Dar es Salaam', 'Temeke', 'Kanda ya Mashariki', ARRAY['Tikiti maji','Maembe','Muhogo']::text[], ARRAY['Muhogo','Viazi vitamu']::text[], NULL, NULL, 0, 500, 800, 1200, 25, 35, 5.0, 7.0, 'Kichanga, chumvi, tifutifu, mfinyanzi');
INSERT INTO district_crop_guide (mkoa, wilaya, zone_name, priority_business_crops, priority_food_crops, other_business_crops, other_food_crops, altitude_min_m, altitude_max_m, rainfall_min_mm, rainfall_max_mm, temperature_min_c, temperature_max_c, soil_ph_min, soil_ph_max, soil_type) VALUES ('Dodoma', 'Bahi', 'Kanda ya Kati', ARRAY['Zabibu','Ufuta','Alizeti','Karanga']::text[], ARRAY['Mtama','Uwele','Muhogo','Njugu mawe']::text[], NULL, NULL, 500, 2300, 200, 1000, 15, 30, NULL, NULL, 'Mwekundu, kichanga, tifutifu');
INSERT INTO district_crop_guide (mkoa, wilaya, zone_name, priority_business_crops, priority_food_crops, other_business_crops, other_food_crops, altitude_min_m, altitude_max_m, rainfall_min_mm, rainfall_max_mm, temperature_min_c, temperature_max_c, soil_ph_min, soil_ph_max, soil_type) VALUES ('Dodoma', 'Chamwino', 'Kanda ya Kati', ARRAY['Zabibu','Ufuta','Alizeti','Karanga']::text[], ARRAY['Mtama','Uwele','Muhogo','Njugu mawe']::text[], NULL, NULL, 500, 2300, 200, 1000, 15, 30, NULL, NULL, 'Mwekundu, kichanga, tifutifu');
INSERT INTO district_crop_guide (mkoa, wilaya, zone_name, priority_business_crops, priority_food_crops, other_business_crops, other_food_crops, altitude_min_m, altitude_max_m, rainfall_min_mm, rainfall_max_mm, temperature_min_c, temperature_max_c, soil_ph_min, soil_ph_max, soil_type) VALUES ('Dodoma', 'Chemba', 'Kanda ya Kati', ARRAY['Zabibu','Ufuta','Alizeti','Karanga']::text[], ARRAY['Mtama','Uwele','Muhogo','Njugu mawe']::text[], NULL, NULL, 500, 2300, 200, 1000, 15, 30, NULL, NULL, 'Mwekundu, kichanga, tifutifu');
INSERT INTO district_crop_guide (mkoa, wilaya, zone_name, priority_business_crops, priority_food_crops, other_business_crops, other_food_crops, altitude_min_m, altitude_max_m, rainfall_min_mm, rainfall_max_mm, temperature_min_c, temperature_max_c, soil_ph_min, soil_ph_max, soil_type) VALUES ('Dodoma', 'Dodoma', 'Kanda ya Kati', ARRAY['Zabibu','Ufuta','Alizeti','Karanga']::text[], ARRAY['Mtama','Uwele','Muhogo','Njugu mawe']::text[], NULL, NULL, 500, 2300, 200, 1000, 15, 30, NULL, NULL, 'Mwekundu, kichanga, tifutifu');
INSERT INTO district_crop_guide (mkoa, wilaya, zone_name, priority_business_crops, priority_food_crops, other_business_crops, other_food_crops, altitude_min_m, altitude_max_m, rainfall_min_mm, rainfall_max_mm, temperature_min_c, temperature_max_c, soil_ph_min, soil_ph_max, soil_type) VALUES ('Dodoma', 'Kondoa', 'Kanda ya Kati', ARRAY['Zabibu','Ufuta','Alizeti','Karanga']::text[], ARRAY['Mtama','Uwele','Muhogo','Njugu mawe']::text[], NULL, NULL, 500, 2300, 200, 1000, 15, 30, NULL, NULL, 'Mwekundu, kichanga, tifutifu');
INSERT INTO district_crop_guide (mkoa, wilaya, zone_name, priority_business_crops, priority_food_crops, other_business_crops, other_food_crops, altitude_min_m, altitude_max_m, rainfall_min_mm, rainfall_max_mm, temperature_min_c, temperature_max_c, soil_ph_min, soil_ph_max, soil_type) VALUES ('Dodoma', 'Mpwapwa', 'Kanda ya Kati', ARRAY['Zabibu','Ufuta','Alizeti','Karanga']::text[], ARRAY['Mtama','Uwele','Muhogo','Njugu mawe']::text[], NULL, NULL, 500, 2300, 200, 1000, 15, 30, NULL, NULL, 'Mwekundu, kichanga, tifutifu');
INSERT INTO district_crop_guide (mkoa, wilaya, zone_name, priority_business_crops, priority_food_crops, other_business_crops, other_food_crops, altitude_min_m, altitude_max_m, rainfall_min_mm, rainfall_max_mm, temperature_min_c, temperature_max_c, soil_ph_min, soil_ph_max, soil_type) VALUES ('Dodoma', 'Kongwa', 'Kanda ya Kati', ARRAY['Zabibu','Ufuta','Alizeti','Karanga']::text[], ARRAY['Mtama','Uwele','Muhogo','Njugu mawe']::text[], NULL, NULL, 500, 2300, 200, 1000, 15, 30, NULL, NULL, 'Mwekundu, kichanga, tifutifu');
INSERT INTO district_crop_guide (mkoa, wilaya, zone_name, priority_business_crops, priority_food_crops, other_business_crops, other_food_crops, altitude_min_m, altitude_max_m, rainfall_min_mm, rainfall_max_mm, temperature_min_c, temperature_max_c, soil_ph_min, soil_ph_max, soil_type) VALUES ('Geita', 'Bukombe', 'Kanda ya Ziwa', ARRAY['Pamba']::text[], ARRAY['Mahindi','Muhogo']::text[], NULL, NULL, 900, 1800, 600, 1400, 10, 30, 4.0, 8.5, NULL);
INSERT INTO district_crop_guide (mkoa, wilaya, zone_name, priority_business_crops, priority_food_crops, other_business_crops, other_food_crops, altitude_min_m, altitude_max_m, rainfall_min_mm, rainfall_max_mm, temperature_min_c, temperature_max_c, soil_ph_min, soil_ph_max, soil_type) VALUES ('Geita', 'Chato', 'Kanda ya Ziwa', ARRAY['Pamba']::text[], ARRAY['Mahindi','Muhogo']::text[], NULL, NULL, 900, 1800, 600, 1400, 10, 30, 4.0, 8.5, NULL);
INSERT INTO district_crop_guide (mkoa, wilaya, zone_name, priority_business_crops, priority_food_crops, other_business_crops, other_food_crops, altitude_min_m, altitude_max_m, rainfall_min_mm, rainfall_max_mm, temperature_min_c, temperature_max_c, soil_ph_min, soil_ph_max, soil_type) VALUES ('Geita', 'Geita', 'Kanda ya Ziwa', ARRAY['Pamba']::text[], ARRAY['Mahindi','Muhogo']::text[], NULL, NULL, 900, 1800, 600, 1400, 10, 30, 4.0, 8.5, NULL);
INSERT INTO district_crop_guide (mkoa, wilaya, zone_name, priority_business_crops, priority_food_crops, other_business_crops, other_food_crops, altitude_min_m, altitude_max_m, rainfall_min_mm, rainfall_max_mm, temperature_min_c, temperature_max_c, soil_ph_min, soil_ph_max, soil_type) VALUES ('Geita', 'Mbogwe', 'Kanda ya Ziwa', ARRAY['Pamba']::text[], ARRAY['Mahindi','Muhogo']::text[], NULL, NULL, 900, 1800, 600, 1400, 10, 30, 4.0, 8.5, NULL);
INSERT INTO district_crop_guide (mkoa, wilaya, zone_name, priority_business_crops, priority_food_crops, other_business_crops, other_food_crops, altitude_min_m, altitude_max_m, rainfall_min_mm, rainfall_max_mm, temperature_min_c, temperature_max_c, soil_ph_min, soil_ph_max, soil_type) VALUES ('Geita', 'Nyang''hwale', 'Kanda ya Ziwa', ARRAY['Pamba']::text[], ARRAY['Mahindi','Muhogo']::text[], NULL, NULL, 900, 1800, 600, 1400, 10, 30, 4.0, 8.5, NULL);
INSERT INTO district_crop_guide (mkoa, wilaya, zone_name, priority_business_crops, priority_food_crops, other_business_crops, other_food_crops, altitude_min_m, altitude_max_m, rainfall_min_mm, rainfall_max_mm, temperature_min_c, temperature_max_c, soil_ph_min, soil_ph_max, soil_type) VALUES ('Iringa', 'Iringa', 'Kanda ya Nyanda za Juu Kusini', ARRAY['Alizeti','Vitunguu','Nyanya']::text[], ARRAY['Mahindi','Maharage']::text[], NULL, NULL, 400, 2300, 200, 1600, 5, 27, NULL, NULL, 'Kichanga, tifutifu, mfinyanzi');
INSERT INTO district_crop_guide (mkoa, wilaya, zone_name, priority_business_crops, priority_food_crops, other_business_crops, other_food_crops, altitude_min_m, altitude_max_m, rainfall_min_mm, rainfall_max_mm, temperature_min_c, temperature_max_c, soil_ph_min, soil_ph_max, soil_type) VALUES ('Iringa', 'Kilolo', 'Kanda ya Nyanda za Juu Kusini', ARRAY['Chai','Pareto']::text[], ARRAY['Mahindi','Maharage','Viazi mviringo']::text[], NULL, NULL, 400, 2300, 600, 1600, 2, 30, 4.0, 7.0, NULL);
INSERT INTO district_crop_guide (mkoa, wilaya, zone_name, priority_business_crops, priority_food_crops, other_business_crops, other_food_crops, altitude_min_m, altitude_max_m, rainfall_min_mm, rainfall_max_mm, temperature_min_c, temperature_max_c, soil_ph_min, soil_ph_max, soil_type) VALUES ('Iringa', 'Mufindi', 'Kanda ya Nyanda za Juu Kusini', ARRAY['Chai','Pareto']::text[], ARRAY['Mahindi','Maharage','Viazi mviringo']::text[], NULL, NULL, 400, 2300, 600, 1600, 2, 30, 4.0, 7.0, NULL);
INSERT INTO district_crop_guide (mkoa, wilaya, zone_name, priority_business_crops, priority_food_crops, other_business_crops, other_food_crops, altitude_min_m, altitude_max_m, rainfall_min_mm, rainfall_max_mm, temperature_min_c, temperature_max_c, soil_ph_min, soil_ph_max, soil_type) VALUES ('Kagera', 'Biharamulo', 'Kanda ya Ziwa', ARRAY['Kahawa','Ndizi','Vanila','Chai']::text[], ARRAY['Ndizi','Mikunde','Mahindi']::text[], NULL, NULL, 1100, 1800, 600, 1400, 10, 30, 4.0, 7.0, 'Mchanganyiko, tifutifu, kichanga');
INSERT INTO district_crop_guide (mkoa, wilaya, zone_name, priority_business_crops, priority_food_crops, other_business_crops, other_food_crops, altitude_min_m, altitude_max_m, rainfall_min_mm, rainfall_max_mm, temperature_min_c, temperature_max_c, soil_ph_min, soil_ph_max, soil_type) VALUES ('Kagera', 'Bukoba', 'Kanda ya Ziwa', ARRAY['Kahawa','Ndizi','Vanila','Chai']::text[], ARRAY['Ndizi','Mikunde','Mahindi']::text[], NULL, NULL, 1100, 1800, 600, 1400, 10, 30, 4.0, 7.0, 'Mchanganyiko, tifutifu, kichanga');
INSERT INTO district_crop_guide (mkoa, wilaya, zone_name, priority_business_crops, priority_food_crops, other_business_crops, other_food_crops, altitude_min_m, altitude_max_m, rainfall_min_mm, rainfall_max_mm, temperature_min_c, temperature_max_c, soil_ph_min, soil_ph_max, soil_type) VALUES ('Kagera', 'Karagwe', 'Kanda ya Ziwa', ARRAY['Kahawa','Ndizi','Vanila','Chai']::text[], ARRAY['Ndizi','Mikunde','Mahindi']::text[], NULL, NULL, 1100, 1800, 600, 1400, 10, 30, 4.0, 7.0, 'Mchanganyiko, tifutifu, kichanga');
INSERT INTO district_crop_guide (mkoa, wilaya, zone_name, priority_business_crops, priority_food_crops, other_business_crops, other_food_crops, altitude_min_m, altitude_max_m, rainfall_min_mm, rainfall_max_mm, temperature_min_c, temperature_max_c, soil_ph_min, soil_ph_max, soil_type) VALUES ('Kagera', 'Kyerwa', 'Kanda ya Ziwa', ARRAY['Kahawa','Ndizi','Vanila','Chai']::text[], ARRAY['Ndizi','Mikunde','Mahindi']::text[], NULL, NULL, 1100, 1800, 600, 1400, 10, 30, 4.0, 7.0, 'Mchanganyiko, tifutifu, kichanga');
INSERT INTO district_crop_guide (mkoa, wilaya, zone_name, priority_business_crops, priority_food_crops, other_business_crops, other_food_crops, altitude_min_m, altitude_max_m, rainfall_min_mm, rainfall_max_mm, temperature_min_c, temperature_max_c, soil_ph_min, soil_ph_max, soil_type) VALUES ('Kagera', 'Misenyi', 'Kanda ya Ziwa', ARRAY['Kahawa','Ndizi','Vanila','Chai']::text[], ARRAY['Ndizi','Mikunde','Mahindi']::text[], NULL, NULL, 1100, 1800, 600, 1400, 10, 30, 4.0, 7.0, 'Mchanganyiko, tifutifu, kichanga');
INSERT INTO district_crop_guide (mkoa, wilaya, zone_name, priority_business_crops, priority_food_crops, other_business_crops, other_food_crops, altitude_min_m, altitude_max_m, rainfall_min_mm, rainfall_max_mm, temperature_min_c, temperature_max_c, soil_ph_min, soil_ph_max, soil_type) VALUES ('Kagera', 'Muleba', 'Kanda ya Ziwa', ARRAY['Kahawa','Ndizi','Vanila','Chai']::text[], ARRAY['Ndizi','Mikunde','Mahindi']::text[], NULL, NULL, 1100, 1800, 600, 1400, 10, 30, 4.0, 7.0, 'Mchanganyiko, tifutifu, kichanga');
INSERT INTO district_crop_guide (mkoa, wilaya, zone_name, priority_business_crops, priority_food_crops, other_business_crops, other_food_crops, altitude_min_m, altitude_max_m, rainfall_min_mm, rainfall_max_mm, temperature_min_c, temperature_max_c, soil_ph_min, soil_ph_max, soil_type) VALUES ('Kagera', 'Ngara', 'Kanda ya Ziwa', ARRAY['Kahawa','Ndizi','Vanila','Chai']::text[], ARRAY['Ndizi','Mikunde','Mahindi']::text[], NULL, NULL, 1100, 1800, 600, 1400, 10, 30, 4.0, 7.0, 'Mchanganyiko, tifutifu, kichanga');
INSERT INTO district_crop_guide (mkoa, wilaya, zone_name, priority_business_crops, priority_food_crops, other_business_crops, other_food_crops, altitude_min_m, altitude_max_m, rainfall_min_mm, rainfall_max_mm, temperature_min_c, temperature_max_c, soil_ph_min, soil_ph_max, soil_type) VALUES ('Katavi', 'Mlele', 'Kanda ya Nyanda za Juu Kusini', ARRAY['Tumbaku','Karanga','Ufuta','Mchikichi']::text[], ARRAY['Mpunga','Viazi vitamu','Mahindi','Maharage']::text[], NULL, NULL, 800, 2300, 600, 1400, 10, 30, 5.0, 7.0, NULL);
INSERT INTO district_crop_guide (mkoa, wilaya, zone_name, priority_business_crops, priority_food_crops, other_business_crops, other_food_crops, altitude_min_m, altitude_max_m, rainfall_min_mm, rainfall_max_mm, temperature_min_c, temperature_max_c, soil_ph_min, soil_ph_max, soil_type) VALUES ('Katavi', 'Tanganyika', 'Kanda ya Nyanda za Juu Kusini', ARRAY['Tumbaku','Karanga','Ufuta','Mchikichi']::text[], ARRAY['Mpunga','Viazi vitamu','Mahindi','Maharage']::text[], NULL, NULL, 800, 2300, 600, 1400, 10, 30, 5.0, 7.0, NULL);
INSERT INTO district_crop_guide (mkoa, wilaya, zone_name, priority_business_crops, priority_food_crops, other_business_crops, other_food_crops, altitude_min_m, altitude_max_m, rainfall_min_mm, rainfall_max_mm, temperature_min_c, temperature_max_c, soil_ph_min, soil_ph_max, soil_type) VALUES ('Katavi', 'Mpanda', 'Kanda ya Nyanda za Juu Kusini', ARRAY['Tumbaku','Karanga','Ufuta','Mchikichi']::text[], ARRAY['Mpunga','Viazi vitamu','Mahindi','Maharage']::text[], NULL, NULL, 800, 2300, 600, 1400, 10, 30, 5.0, 7.0, NULL);
INSERT INTO district_crop_guide (mkoa, wilaya, zone_name, priority_business_crops, priority_food_crops, other_business_crops, other_food_crops, altitude_min_m, altitude_max_m, rainfall_min_mm, rainfall_max_mm, temperature_min_c, temperature_max_c, soil_ph_min, soil_ph_max, soil_type) VALUES ('Katavi', 'Mpimbwe', 'Kanda ya Nyanda za Juu Kusini', ARRAY['Tumbaku','Karanga','Ufuta','Mchikichi']::text[], ARRAY['Mpunga','Viazi vitamu','Mahindi','Maharage']::text[], NULL, NULL, 800, 2300, 600, 1400, 10, 30, 5.0, 7.0, NULL);
INSERT INTO district_crop_guide (mkoa, wilaya, zone_name, priority_business_crops, priority_food_crops, other_business_crops, other_food_crops, altitude_min_m, altitude_max_m, rainfall_min_mm, rainfall_max_mm, temperature_min_c, temperature_max_c, soil_ph_min, soil_ph_max, soil_type) VALUES ('Kigoma', 'Buhigwe', 'Kanda ya Magharibi', ARRAY['Kahawa','Michikichi','Tangawizi','Tumbaku']::text[], ARRAY['Mahindi','Mikunde','Ndizi','Muhogo','Mpunga']::text[], NULL, NULL, 800, 1700, 600, 1200, 18, 30, 5.0, 7.0, NULL);
INSERT INTO district_crop_guide (mkoa, wilaya, zone_name, priority_business_crops, priority_food_crops, other_business_crops, other_food_crops, altitude_min_m, altitude_max_m, rainfall_min_mm, rainfall_max_mm, temperature_min_c, temperature_max_c, soil_ph_min, soil_ph_max, soil_type) VALUES ('Kigoma', 'Kakonko', 'Kanda ya Magharibi', ARRAY['Kahawa','Michikichi','Tangawizi','Tumbaku']::text[], ARRAY['Mahindi','Mikunde','Ndizi','Muhogo','Mpunga']::text[], NULL, NULL, 800, 1700, 600, 1200, 18, 30, 5.0, 7.0, NULL);
INSERT INTO district_crop_guide (mkoa, wilaya, zone_name, priority_business_crops, priority_food_crops, other_business_crops, other_food_crops, altitude_min_m, altitude_max_m, rainfall_min_mm, rainfall_max_mm, temperature_min_c, temperature_max_c, soil_ph_min, soil_ph_max, soil_type) VALUES ('Kigoma', 'Kasulu', 'Kanda ya Magharibi', ARRAY['Kahawa','Michikichi','Tangawizi','Tumbaku']::text[], ARRAY['Mahindi','Mikunde','Ndizi','Muhogo','Mpunga']::text[], NULL, NULL, 800, 1700, 600, 1200, 18, 30, 5.0, 7.0, NULL);
INSERT INTO district_crop_guide (mkoa, wilaya, zone_name, priority_business_crops, priority_food_crops, other_business_crops, other_food_crops, altitude_min_m, altitude_max_m, rainfall_min_mm, rainfall_max_mm, temperature_min_c, temperature_max_c, soil_ph_min, soil_ph_max, soil_type) VALUES ('Kigoma', 'Kibondo', 'Kanda ya Magharibi', ARRAY['Kahawa','Michikichi','Tangawizi','Tumbaku']::text[], ARRAY['Mahindi','Mikunde','Ndizi','Muhogo','Mpunga']::text[], NULL, NULL, 800, 1700, 600, 1200, 18, 30, 5.0, 7.0, NULL);
INSERT INTO district_crop_guide (mkoa, wilaya, zone_name, priority_business_crops, priority_food_crops, other_business_crops, other_food_crops, altitude_min_m, altitude_max_m, rainfall_min_mm, rainfall_max_mm, temperature_min_c, temperature_max_c, soil_ph_min, soil_ph_max, soil_type) VALUES ('Kigoma', 'Kigoma', 'Kanda ya Magharibi', ARRAY['Kahawa','Michikichi','Tangawizi','Tumbaku']::text[], ARRAY['Mahindi','Mikunde','Ndizi','Muhogo','Mpunga']::text[], NULL, NULL, 800, 1700, 600, 1200, 18, 30, 5.0, 7.0, NULL);
INSERT INTO district_crop_guide (mkoa, wilaya, zone_name, priority_business_crops, priority_food_crops, other_business_crops, other_food_crops, altitude_min_m, altitude_max_m, rainfall_min_mm, rainfall_max_mm, temperature_min_c, temperature_max_c, soil_ph_min, soil_ph_max, soil_type) VALUES ('Kigoma', 'Uvinza', 'Kanda ya Magharibi', ARRAY['Kahawa','Michikichi','Tangawizi','Tumbaku']::text[], ARRAY['Mahindi','Mikunde','Ndizi','Muhogo','Mpunga']::text[], NULL, NULL, 800, 1700, 600, 1200, 18, 30, 5.0, 7.0, NULL);
INSERT INTO district_crop_guide (mkoa, wilaya, zone_name, priority_business_crops, priority_food_crops, other_business_crops, other_food_crops, altitude_min_m, altitude_max_m, rainfall_min_mm, rainfall_max_mm, temperature_min_c, temperature_max_c, soil_ph_min, soil_ph_max, soil_type) VALUES ('Kilimanjaro', 'Hai', 'Kanda ya Kaskazini', ARRAY['Kahawa','Mazao ya bustani','Ngano','Maua']::text[], ARRAY['Mahindi','Maharage','Ndizi','Mpunga']::text[], NULL, NULL, 500, 3500, 400, 1400, 5, 31, 5.0, 8.5, 'Volcano, kichanga, tifutifu');
INSERT INTO district_crop_guide (mkoa, wilaya, zone_name, priority_business_crops, priority_food_crops, other_business_crops, other_food_crops, altitude_min_m, altitude_max_m, rainfall_min_mm, rainfall_max_mm, temperature_min_c, temperature_max_c, soil_ph_min, soil_ph_max, soil_type) VALUES ('Kilimanjaro', 'Moshi', 'Kanda ya Kaskazini', ARRAY['Kahawa','Mazao ya bustani','Ngano','Maua']::text[], ARRAY['Mahindi','Maharage','Ndizi','Mpunga']::text[], NULL, NULL, 500, 3500, 400, 1400, 5, 31, 5.0, 8.5, 'Volcano, kichanga, tifutifu');
INSERT INTO district_crop_guide (mkoa, wilaya, zone_name, priority_business_crops, priority_food_crops, other_business_crops, other_food_crops, altitude_min_m, altitude_max_m, rainfall_min_mm, rainfall_max_mm, temperature_min_c, temperature_max_c, soil_ph_min, soil_ph_max, soil_type) VALUES ('Kilimanjaro', 'Mwanga', 'Kanda ya Kaskazini', ARRAY['Kahawa','Mazao ya bustani','Ngano','Maua']::text[], ARRAY['Mahindi','Maharage','Ndizi','Mpunga']::text[], NULL, NULL, 500, 3500, 400, 1400, 5, 31, 5.0, 8.5, 'Volcano, kichanga, tifutifu');
INSERT INTO district_crop_guide (mkoa, wilaya, zone_name, priority_business_crops, priority_food_crops, other_business_crops, other_food_crops, altitude_min_m, altitude_max_m, rainfall_min_mm, rainfall_max_mm, temperature_min_c, temperature_max_c, soil_ph_min, soil_ph_max, soil_type) VALUES ('Kilimanjaro', 'Rombo', 'Kanda ya Kaskazini', ARRAY['Kahawa','Mazao ya bustani','Ngano','Maua']::text[], ARRAY['Mahindi','Maharage','Ndizi','Mpunga']::text[], NULL, NULL, 500, 3500, 400, 1400, 5, 31, 5.0, 8.5, 'Volcano, kichanga, tifutifu');
INSERT INTO district_crop_guide (mkoa, wilaya, zone_name, priority_business_crops, priority_food_crops, other_business_crops, other_food_crops, altitude_min_m, altitude_max_m, rainfall_min_mm, rainfall_max_mm, temperature_min_c, temperature_max_c, soil_ph_min, soil_ph_max, soil_type) VALUES ('Kilimanjaro', 'Same', 'Kanda ya Kaskazini', ARRAY['Kahawa','Mazao ya bustani','Ngano','Maua']::text[], ARRAY['Mahindi','Maharage','Ndizi','Mpunga']::text[], NULL, NULL, 500, 3500, 400, 1400, 5, 31, 5.0, 8.5, 'Volcano, kichanga, tifutifu');
INSERT INTO district_crop_guide (mkoa, wilaya, zone_name, priority_business_crops, priority_food_crops, other_business_crops, other_food_crops, altitude_min_m, altitude_max_m, rainfall_min_mm, rainfall_max_mm, temperature_min_c, temperature_max_c, soil_ph_min, soil_ph_max, soil_type) VALUES ('Kilimanjaro', 'Siha', 'Kanda ya Kaskazini', ARRAY['Kahawa','Mazao ya bustani','Ngano','Maua']::text[], ARRAY['Mahindi','Maharage','Ndizi','Mpunga']::text[], NULL, NULL, 500, 3500, 400, 1400, 5, 31, 5.0, 8.5, 'Volcano, kichanga, tifutifu');
INSERT INTO district_crop_guide (mkoa, wilaya, zone_name, priority_business_crops, priority_food_crops, other_business_crops, other_food_crops, altitude_min_m, altitude_max_m, rainfall_min_mm, rainfall_max_mm, temperature_min_c, temperature_max_c, soil_ph_min, soil_ph_max, soil_type) VALUES ('Lindi', 'Kilwa', 'Kanda ya Kusini', ARRAY['Ufuta','Korosho','Nazi']::text[], ARRAY['Muhogo','Mpunga','Mtama','Viazi vitamu']::text[], NULL, NULL, 200, 1000, 800, 1200, 20, 28, 5.5, 7.0, 'Tifutifu, mchanga, mfinyanzi');
INSERT INTO district_crop_guide (mkoa, wilaya, zone_name, priority_business_crops, priority_food_crops, other_business_crops, other_food_crops, altitude_min_m, altitude_max_m, rainfall_min_mm, rainfall_max_mm, temperature_min_c, temperature_max_c, soil_ph_min, soil_ph_max, soil_type) VALUES ('Lindi', 'Lindi', 'Kanda ya Kusini', ARRAY['Ufuta','Korosho','Nazi']::text[], ARRAY['Muhogo','Mpunga','Mtama','Viazi vitamu']::text[], NULL, NULL, 200, 1000, 800, 1200, 20, 28, 5.5, 7.0, 'Tifutifu, mchanga, mfinyanzi');
INSERT INTO district_crop_guide (mkoa, wilaya, zone_name, priority_business_crops, priority_food_crops, other_business_crops, other_food_crops, altitude_min_m, altitude_max_m, rainfall_min_mm, rainfall_max_mm, temperature_min_c, temperature_max_c, soil_ph_min, soil_ph_max, soil_type) VALUES ('Lindi', 'Liwale', 'Kanda ya Kusini', ARRAY['Ufuta','Korosho','Nazi']::text[], ARRAY['Muhogo','Mpunga','Mtama','Viazi vitamu']::text[], NULL, NULL, 200, 1000, 800, 1200, 20, 28, 5.5, 7.0, 'Tifutifu, mchanga, mfinyanzi');
INSERT INTO district_crop_guide (mkoa, wilaya, zone_name, priority_business_crops, priority_food_crops, other_business_crops, other_food_crops, altitude_min_m, altitude_max_m, rainfall_min_mm, rainfall_max_mm, temperature_min_c, temperature_max_c, soil_ph_min, soil_ph_max, soil_type) VALUES ('Lindi', 'Nachingwea', 'Kanda ya Kusini', ARRAY['Ufuta','Korosho','Nazi']::text[], ARRAY['Muhogo','Mpunga','Mtama','Viazi vitamu']::text[], NULL, NULL, 200, 1000, 800, 1200, 20, 28, 5.5, 7.0, 'Tifutifu, mchanga, mfinyanzi');
INSERT INTO district_crop_guide (mkoa, wilaya, zone_name, priority_business_crops, priority_food_crops, other_business_crops, other_food_crops, altitude_min_m, altitude_max_m, rainfall_min_mm, rainfall_max_mm, temperature_min_c, temperature_max_c, soil_ph_min, soil_ph_max, soil_type) VALUES ('Lindi', 'Ruangwa', 'Kanda ya Kusini', ARRAY['Ufuta','Korosho','Nazi']::text[], ARRAY['Muhogo','Mpunga','Mtama','Viazi vitamu']::text[], NULL, NULL, 200, 1000, 800, 1200, 20, 28, 5.5, 7.0, 'Tifutifu, mchanga, mfinyanzi');
INSERT INTO district_crop_guide (mkoa, wilaya, zone_name, priority_business_crops, priority_food_crops, other_business_crops, other_food_crops, altitude_min_m, altitude_max_m, rainfall_min_mm, rainfall_max_mm, temperature_min_c, temperature_max_c, soil_ph_min, soil_ph_max, soil_type) VALUES ('Manyara', 'Babati', 'Kanda ya Kaskazini', ARRAY['Mbaazi','Alizeti','Ngano','Shayiri']::text[], ARRAY['Mahindi','Mpunga','Maharage','Mikunde']::text[], NULL, NULL, 700, 2500, 200, 1400, 10, 28, NULL, NULL, NULL);
INSERT INTO district_crop_guide (mkoa, wilaya, zone_name, priority_business_crops, priority_food_crops, other_business_crops, other_food_crops, altitude_min_m, altitude_max_m, rainfall_min_mm, rainfall_max_mm, temperature_min_c, temperature_max_c, soil_ph_min, soil_ph_max, soil_type) VALUES ('Manyara', 'Hanang', 'Kanda ya Kaskazini', ARRAY['Mbaazi','Alizeti','Ngano','Shayiri']::text[], ARRAY['Mahindi','Mpunga','Maharage','Mikunde']::text[], NULL, NULL, 700, 2500, 200, 1400, 10, 28, NULL, NULL, NULL);
INSERT INTO district_crop_guide (mkoa, wilaya, zone_name, priority_business_crops, priority_food_crops, other_business_crops, other_food_crops, altitude_min_m, altitude_max_m, rainfall_min_mm, rainfall_max_mm, temperature_min_c, temperature_max_c, soil_ph_min, soil_ph_max, soil_type) VALUES ('Manyara', 'Kiteto', 'Kanda ya Kaskazini', ARRAY['Mbaazi','Alizeti','Ngano','Shayiri']::text[], ARRAY['Mahindi','Mpunga','Maharage','Mikunde']::text[], NULL, NULL, 700, 2500, 200, 1400, 10, 28, NULL, NULL, NULL);
INSERT INTO district_crop_guide (mkoa, wilaya, zone_name, priority_business_crops, priority_food_crops, other_business_crops, other_food_crops, altitude_min_m, altitude_max_m, rainfall_min_mm, rainfall_max_mm, temperature_min_c, temperature_max_c, soil_ph_min, soil_ph_max, soil_type) VALUES ('Manyara', 'Mbulu', 'Kanda ya Kaskazini', ARRAY['Mbaazi','Alizeti','Ngano','Shayiri']::text[], ARRAY['Mahindi','Mpunga','Maharage','Mikunde']::text[], NULL, NULL, 700, 2500, 200, 1400, 10, 28, NULL, NULL, NULL);
INSERT INTO district_crop_guide (mkoa, wilaya, zone_name, priority_business_crops, priority_food_crops, other_business_crops, other_food_crops, altitude_min_m, altitude_max_m, rainfall_min_mm, rainfall_max_mm, temperature_min_c, temperature_max_c, soil_ph_min, soil_ph_max, soil_type) VALUES ('Manyara', 'Simanjiro', 'Kanda ya Kaskazini', ARRAY['Mbaazi','Alizeti','Ngano','Shayiri']::text[], ARRAY['Mahindi','Mpunga','Maharage','Mikunde']::text[], NULL, NULL, 700, 2500, 200, 1400, 10, 28, NULL, NULL, NULL);
INSERT INTO district_crop_guide (mkoa, wilaya, zone_name, priority_business_crops, priority_food_crops, other_business_crops, other_food_crops, altitude_min_m, altitude_max_m, rainfall_min_mm, rainfall_max_mm, temperature_min_c, temperature_max_c, soil_ph_min, soil_ph_max, soil_type) VALUES ('Mara', 'Bunda', 'Kanda ya Ziwa', ARRAY['Pamba','Mpunga','Chai','Kahawa']::text[], ARRAY['Mtama','Muhogo','Ulezi','Mahindi']::text[], NULL, NULL, 1000, 2300, 400, 1600, 10, 30, 4.0, 8.5, NULL);
INSERT INTO district_crop_guide (mkoa, wilaya, zone_name, priority_business_crops, priority_food_crops, other_business_crops, other_food_crops, altitude_min_m, altitude_max_m, rainfall_min_mm, rainfall_max_mm, temperature_min_c, temperature_max_c, soil_ph_min, soil_ph_max, soil_type) VALUES ('Mara', 'Butiama', 'Kanda ya Ziwa', ARRAY['Pamba','Mpunga','Chai','Kahawa']::text[], ARRAY['Mtama','Muhogo','Ulezi','Mahindi']::text[], NULL, NULL, 1000, 2300, 400, 1600, 10, 30, 4.0, 8.5, NULL);
INSERT INTO district_crop_guide (mkoa, wilaya, zone_name, priority_business_crops, priority_food_crops, other_business_crops, other_food_crops, altitude_min_m, altitude_max_m, rainfall_min_mm, rainfall_max_mm, temperature_min_c, temperature_max_c, soil_ph_min, soil_ph_max, soil_type) VALUES ('Mara', 'Musoma', 'Kanda ya Ziwa', ARRAY['Pamba','Mpunga','Chai','Kahawa']::text[], ARRAY['Mtama','Muhogo','Ulezi','Mahindi']::text[], NULL, NULL, 1000, 2300, 400, 1600, 10, 30, 4.0, 8.5, NULL);
INSERT INTO district_crop_guide (mkoa, wilaya, zone_name, priority_business_crops, priority_food_crops, other_business_crops, other_food_crops, altitude_min_m, altitude_max_m, rainfall_min_mm, rainfall_max_mm, temperature_min_c, temperature_max_c, soil_ph_min, soil_ph_max, soil_type) VALUES ('Mara', 'Rorya', 'Kanda ya Ziwa', ARRAY['Pamba','Mpunga','Chai','Kahawa']::text[], ARRAY['Mtama','Muhogo','Ulezi','Mahindi']::text[], NULL, NULL, 1000, 2300, 400, 1600, 10, 30, 4.0, 8.5, NULL);
INSERT INTO district_crop_guide (mkoa, wilaya, zone_name, priority_business_crops, priority_food_crops, other_business_crops, other_food_crops, altitude_min_m, altitude_max_m, rainfall_min_mm, rainfall_max_mm, temperature_min_c, temperature_max_c, soil_ph_min, soil_ph_max, soil_type) VALUES ('Mara', 'Serengeti', 'Kanda ya Ziwa', ARRAY['Pamba','Mpunga','Chai','Kahawa']::text[], ARRAY['Mtama','Muhogo','Ulezi','Mahindi']::text[], NULL, NULL, 1000, 2300, 400, 1600, 10, 30, 4.0, 8.5, NULL);
INSERT INTO district_crop_guide (mkoa, wilaya, zone_name, priority_business_crops, priority_food_crops, other_business_crops, other_food_crops, altitude_min_m, altitude_max_m, rainfall_min_mm, rainfall_max_mm, temperature_min_c, temperature_max_c, soil_ph_min, soil_ph_max, soil_type) VALUES ('Mara', 'Tarime', 'Kanda ya Ziwa', ARRAY['Pamba','Mpunga','Chai','Kahawa']::text[], ARRAY['Mtama','Muhogo','Ulezi','Mahindi']::text[], NULL, NULL, 1000, 2300, 400, 1600, 10, 30, 4.0, 8.5, NULL);
INSERT INTO district_crop_guide (mkoa, wilaya, zone_name, priority_business_crops, priority_food_crops, other_business_crops, other_food_crops, altitude_min_m, altitude_max_m, rainfall_min_mm, rainfall_max_mm, temperature_min_c, temperature_max_c, soil_ph_min, soil_ph_max, soil_type) VALUES ('Mbeya', 'Busekelo', 'Kanda ya Nyanda za Juu Kusini', ARRAY['Chai','Kakao','Kahawa','Mpunga','Alizeti']::text[], ARRAY['Mahindi','Maharage','Viazi mviringo','Ndizi']::text[], NULL, NULL, 500, 2700, 200, 2400, 5, 30, 4.0, 7.0, NULL);
INSERT INTO district_crop_guide (mkoa, wilaya, zone_name, priority_business_crops, priority_food_crops, other_business_crops, other_food_crops, altitude_min_m, altitude_max_m, rainfall_min_mm, rainfall_max_mm, temperature_min_c, temperature_max_c, soil_ph_min, soil_ph_max, soil_type) VALUES ('Mbeya', 'Chunya', 'Kanda ya Nyanda za Juu Kusini', ARRAY['Chai','Kakao','Kahawa','Mpunga','Alizeti']::text[], ARRAY['Mahindi','Maharage','Viazi mviringo','Ndizi']::text[], NULL, NULL, 500, 2700, 200, 2400, 5, 30, 4.0, 7.0, NULL);
INSERT INTO district_crop_guide (mkoa, wilaya, zone_name, priority_business_crops, priority_food_crops, other_business_crops, other_food_crops, altitude_min_m, altitude_max_m, rainfall_min_mm, rainfall_max_mm, temperature_min_c, temperature_max_c, soil_ph_min, soil_ph_max, soil_type) VALUES ('Mbeya', 'Kyela', 'Kanda ya Nyanda za Juu Kusini', ARRAY['Chai','Kakao','Kahawa','Mpunga','Alizeti']::text[], ARRAY['Mahindi','Maharage','Viazi mviringo','Ndizi']::text[], NULL, NULL, 500, 2700, 200, 2400, 5, 30, 4.0, 7.0, NULL);
INSERT INTO district_crop_guide (mkoa, wilaya, zone_name, priority_business_crops, priority_food_crops, other_business_crops, other_food_crops, altitude_min_m, altitude_max_m, rainfall_min_mm, rainfall_max_mm, temperature_min_c, temperature_max_c, soil_ph_min, soil_ph_max, soil_type) VALUES ('Mbeya', 'Mbarali', 'Kanda ya Nyanda za Juu Kusini', ARRAY['Chai','Kakao','Kahawa','Mpunga','Alizeti']::text[], ARRAY['Mahindi','Maharage','Viazi mviringo','Ndizi']::text[], NULL, NULL, 500, 2700, 200, 2400, 5, 30, 4.0, 7.0, NULL);
INSERT INTO district_crop_guide (mkoa, wilaya, zone_name, priority_business_crops, priority_food_crops, other_business_crops, other_food_crops, altitude_min_m, altitude_max_m, rainfall_min_mm, rainfall_max_mm, temperature_min_c, temperature_max_c, soil_ph_min, soil_ph_max, soil_type) VALUES ('Mbeya', 'Mbeya', 'Kanda ya Nyanda za Juu Kusini', ARRAY['Chai','Kakao','Kahawa','Mpunga','Alizeti']::text[], ARRAY['Mahindi','Maharage','Viazi mviringo','Ndizi']::text[], NULL, NULL, 500, 2700, 200, 2400, 5, 30, 4.0, 7.0, NULL);
INSERT INTO district_crop_guide (mkoa, wilaya, zone_name, priority_business_crops, priority_food_crops, other_business_crops, other_food_crops, altitude_min_m, altitude_max_m, rainfall_min_mm, rainfall_max_mm, temperature_min_c, temperature_max_c, soil_ph_min, soil_ph_max, soil_type) VALUES ('Mbeya', 'Rungwe', 'Kanda ya Nyanda za Juu Kusini', ARRAY['Chai','Kakao','Kahawa','Mpunga','Alizeti']::text[], ARRAY['Mahindi','Maharage','Viazi mviringo','Ndizi']::text[], NULL, NULL, 500, 2700, 200, 2400, 5, 30, 4.0, 7.0, NULL);
INSERT INTO district_crop_guide (mkoa, wilaya, zone_name, priority_business_crops, priority_food_crops, other_business_crops, other_food_crops, altitude_min_m, altitude_max_m, rainfall_min_mm, rainfall_max_mm, temperature_min_c, temperature_max_c, soil_ph_min, soil_ph_max, soil_type) VALUES ('Morogoro', 'Gairo', 'Kanda ya Mashariki', ARRAY['Mkonge','Miwa','Mazao ya bustani','Viungo']::text[], ARRAY['Muhogo','Mahindi','Mikunde']::text[], NULL, NULL, 200, 2300, 800, 1600, 15, 30, 4.0, 7.0, NULL);
INSERT INTO district_crop_guide (mkoa, wilaya, zone_name, priority_business_crops, priority_food_crops, other_business_crops, other_food_crops, altitude_min_m, altitude_max_m, rainfall_min_mm, rainfall_max_mm, temperature_min_c, temperature_max_c, soil_ph_min, soil_ph_max, soil_type) VALUES ('Morogoro', 'Ifakara', 'Kanda ya Mashariki', ARRAY['Miwa','Mpunga','Kakao']::text[], ARRAY['Mpunga','Mikunde']::text[], NULL, NULL, 200, 2300, 800, 1600, 15, 30, 4.0, 7.0, NULL);
INSERT INTO district_crop_guide (mkoa, wilaya, zone_name, priority_business_crops, priority_food_crops, other_business_crops, other_food_crops, altitude_min_m, altitude_max_m, rainfall_min_mm, rainfall_max_mm, temperature_min_c, temperature_max_c, soil_ph_min, soil_ph_max, soil_type) VALUES ('Morogoro', 'Kilombero', 'Kanda ya Mashariki', ARRAY['Miwa','Mpunga','Kakao']::text[], ARRAY['Mpunga','Mikunde']::text[], NULL, NULL, 200, 2300, 800, 1600, 15, 30, 4.0, 7.0, NULL);
INSERT INTO district_crop_guide (mkoa, wilaya, zone_name, priority_business_crops, priority_food_crops, other_business_crops, other_food_crops, altitude_min_m, altitude_max_m, rainfall_min_mm, rainfall_max_mm, temperature_min_c, temperature_max_c, soil_ph_min, soil_ph_max, soil_type) VALUES ('Morogoro', 'Kilosa', 'Kanda ya Mashariki', ARRAY['Mkonge','Mpunga','Korosho']::text[], ARRAY['Mahindi','Mikunde']::text[], NULL, NULL, 200, 2300, 800, 1600, 15, 30, 4.0, 7.0, 'Tifutifu, kichanga, mfinyanzi mweusi');
INSERT INTO district_crop_guide (mkoa, wilaya, zone_name, priority_business_crops, priority_food_crops, other_business_crops, other_food_crops, altitude_min_m, altitude_max_m, rainfall_min_mm, rainfall_max_mm, temperature_min_c, temperature_max_c, soil_ph_min, soil_ph_max, soil_type) VALUES ('Morogoro', 'Malinyi', 'Kanda ya Mashariki', ARRAY['Miwa','Mpunga','Kakao']::text[], ARRAY['Mpunga','Mikunde']::text[], NULL, NULL, 200, 2300, 800, 1600, 15, 30, 4.0, 7.0, NULL);
INSERT INTO district_crop_guide (mkoa, wilaya, zone_name, priority_business_crops, priority_food_crops, other_business_crops, other_food_crops, altitude_min_m, altitude_max_m, rainfall_min_mm, rainfall_max_mm, temperature_min_c, temperature_max_c, soil_ph_min, soil_ph_max, soil_type) VALUES ('Morogoro', 'Morogoro', 'Kanda ya Mashariki', ARRAY['Mkonge','Miwa','Mazao ya bustani','Viungo']::text[], ARRAY['Muhogo','Mahindi','Mikunde']::text[], NULL, NULL, 200, 2300, 800, 1600, 15, 30, 4.0, 7.0, NULL);
INSERT INTO district_crop_guide (mkoa, wilaya, zone_name, priority_business_crops, priority_food_crops, other_business_crops, other_food_crops, altitude_min_m, altitude_max_m, rainfall_min_mm, rainfall_max_mm, temperature_min_c, temperature_max_c, soil_ph_min, soil_ph_max, soil_type) VALUES ('Morogoro', 'Mvomero', 'Kanda ya Mashariki', ARRAY['Mkonge','Miwa','Mazao ya bustani','Viungo']::text[], ARRAY['Muhogo','Mahindi','Mikunde']::text[], NULL, NULL, 200, 2300, 800, 1600, 15, 30, 4.0, 7.0, NULL);
INSERT INTO district_crop_guide (mkoa, wilaya, zone_name, priority_business_crops, priority_food_crops, other_business_crops, other_food_crops, altitude_min_m, altitude_max_m, rainfall_min_mm, rainfall_max_mm, temperature_min_c, temperature_max_c, soil_ph_min, soil_ph_max, soil_type) VALUES ('Morogoro', 'Ulanga', 'Kanda ya Mashariki', ARRAY['Miwa','Mpunga','Kakao']::text[], ARRAY['Mpunga','Mikunde']::text[], NULL, NULL, 200, 2300, 800, 1600, 15, 30, 4.0, 7.0, NULL);
INSERT INTO district_crop_guide (mkoa, wilaya, zone_name, priority_business_crops, priority_food_crops, other_business_crops, other_food_crops, altitude_min_m, altitude_max_m, rainfall_min_mm, rainfall_max_mm, temperature_min_c, temperature_max_c, soil_ph_min, soil_ph_max, soil_type) VALUES ('Mtwara', 'Masasi', 'Kanda ya Kusini', ARRAY['Korosho','Ufuta','Choroko','Soya']::text[], ARRAY['Muhogo','Mbaazi','Mpunga','Mtama']::text[], NULL, NULL, 0, 500, 800, 1000, 12, 35, 5.0, 7.0, NULL);
INSERT INTO district_crop_guide (mkoa, wilaya, zone_name, priority_business_crops, priority_food_crops, other_business_crops, other_food_crops, altitude_min_m, altitude_max_m, rainfall_min_mm, rainfall_max_mm, temperature_min_c, temperature_max_c, soil_ph_min, soil_ph_max, soil_type) VALUES ('Mtwara', 'Mtwara', 'Kanda ya Kusini', ARRAY['Korosho','Ufuta','Choroko','Soya']::text[], ARRAY['Muhogo','Mbaazi','Mpunga','Mtama']::text[], NULL, NULL, 0, 500, 800, 1000, 12, 35, 5.0, 7.0, NULL);
INSERT INTO district_crop_guide (mkoa, wilaya, zone_name, priority_business_crops, priority_food_crops, other_business_crops, other_food_crops, altitude_min_m, altitude_max_m, rainfall_min_mm, rainfall_max_mm, temperature_min_c, temperature_max_c, soil_ph_min, soil_ph_max, soil_type) VALUES ('Mtwara', 'Nanyamba', 'Kanda ya Kusini', ARRAY['Korosho','Ufuta','Choroko','Soya']::text[], ARRAY['Muhogo','Mbaazi','Mpunga','Mtama']::text[], NULL, NULL, 0, 500, 800, 1000, 12, 35, 5.0, 7.0, NULL);
INSERT INTO district_crop_guide (mkoa, wilaya, zone_name, priority_business_crops, priority_food_crops, other_business_crops, other_food_crops, altitude_min_m, altitude_max_m, rainfall_min_mm, rainfall_max_mm, temperature_min_c, temperature_max_c, soil_ph_min, soil_ph_max, soil_type) VALUES ('Mtwara', 'Nanyumbu', 'Kanda ya Kusini', ARRAY['Korosho','Ufuta','Choroko','Soya']::text[], ARRAY['Muhogo','Mbaazi','Mpunga','Mtama']::text[], NULL, NULL, 0, 500, 800, 1000, 12, 35, 5.0, 7.0, NULL);
INSERT INTO district_crop_guide (mkoa, wilaya, zone_name, priority_business_crops, priority_food_crops, other_business_crops, other_food_crops, altitude_min_m, altitude_max_m, rainfall_min_mm, rainfall_max_mm, temperature_min_c, temperature_max_c, soil_ph_min, soil_ph_max, soil_type) VALUES ('Mtwara', 'Newala', 'Kanda ya Kusini', ARRAY['Korosho','Ufuta','Choroko','Soya']::text[], ARRAY['Muhogo','Mbaazi','Mpunga','Mtama']::text[], NULL, NULL, 0, 500, 800, 1000, 12, 35, 5.0, 7.0, NULL);
INSERT INTO district_crop_guide (mkoa, wilaya, zone_name, priority_business_crops, priority_food_crops, other_business_crops, other_food_crops, altitude_min_m, altitude_max_m, rainfall_min_mm, rainfall_max_mm, temperature_min_c, temperature_max_c, soil_ph_min, soil_ph_max, soil_type) VALUES ('Mtwara', 'Tandahimba', 'Kanda ya Kusini', ARRAY['Korosho','Ufuta','Choroko','Soya']::text[], ARRAY['Muhogo','Mbaazi','Mpunga','Mtama']::text[], NULL, NULL, 0, 500, 800, 1000, 12, 35, 5.0, 7.0, NULL);
INSERT INTO district_crop_guide (mkoa, wilaya, zone_name, priority_business_crops, priority_food_crops, other_business_crops, other_food_crops, altitude_min_m, altitude_max_m, rainfall_min_mm, rainfall_max_mm, temperature_min_c, temperature_max_c, soil_ph_min, soil_ph_max, soil_type) VALUES ('Mwanza', 'Buchosa', 'Kanda ya Ziwa', ARRAY['Pamba','Mpunga','Dengu','Choroko','Kahawa']::text[], ARRAY['Mpunga','Mahindi','Muhogo','Mtama']::text[], NULL, NULL, 800, 1800, 600, 1400, 10, 30, 5.0, 7.0, NULL);
INSERT INTO district_crop_guide (mkoa, wilaya, zone_name, priority_business_crops, priority_food_crops, other_business_crops, other_food_crops, altitude_min_m, altitude_max_m, rainfall_min_mm, rainfall_max_mm, temperature_min_c, temperature_max_c, soil_ph_min, soil_ph_max, soil_type) VALUES ('Mwanza', 'Ilemela', 'Kanda ya Ziwa', ARRAY['Pamba','Mpunga','Dengu','Choroko','Kahawa']::text[], ARRAY['Mpunga','Mahindi','Muhogo','Mtama']::text[], NULL, NULL, 800, 1800, 600, 1400, 10, 30, 5.0, 7.0, NULL);
INSERT INTO district_crop_guide (mkoa, wilaya, zone_name, priority_business_crops, priority_food_crops, other_business_crops, other_food_crops, altitude_min_m, altitude_max_m, rainfall_min_mm, rainfall_max_mm, temperature_min_c, temperature_max_c, soil_ph_min, soil_ph_max, soil_type) VALUES ('Mwanza', 'Kwimba', 'Kanda ya Ziwa', ARRAY['Pamba','Mpunga','Dengu','Choroko','Kahawa']::text[], ARRAY['Mpunga','Mahindi','Muhogo','Mtama']::text[], NULL, NULL, 800, 1800, 600, 1400, 10, 30, 5.0, 7.0, NULL);
INSERT INTO district_crop_guide (mkoa, wilaya, zone_name, priority_business_crops, priority_food_crops, other_business_crops, other_food_crops, altitude_min_m, altitude_max_m, rainfall_min_mm, rainfall_max_mm, temperature_min_c, temperature_max_c, soil_ph_min, soil_ph_max, soil_type) VALUES ('Mwanza', 'Magu', 'Kanda ya Ziwa', ARRAY['Pamba','Mpunga','Dengu','Choroko','Kahawa']::text[], ARRAY['Mpunga','Mahindi','Muhogo','Mtama']::text[], NULL, NULL, 800, 1800, 600, 1400, 10, 30, 5.0, 7.0, NULL);
INSERT INTO district_crop_guide (mkoa, wilaya, zone_name, priority_business_crops, priority_food_crops, other_business_crops, other_food_crops, altitude_min_m, altitude_max_m, rainfall_min_mm, rainfall_max_mm, temperature_min_c, temperature_max_c, soil_ph_min, soil_ph_max, soil_type) VALUES ('Mwanza', 'Misungwi', 'Kanda ya Ziwa', ARRAY['Pamba','Mpunga','Dengu','Choroko','Kahawa']::text[], ARRAY['Mpunga','Mahindi','Muhogo','Mtama']::text[], NULL, NULL, 800, 1800, 600, 1400, 10, 30, 5.0, 7.0, NULL);
INSERT INTO district_crop_guide (mkoa, wilaya, zone_name, priority_business_crops, priority_food_crops, other_business_crops, other_food_crops, altitude_min_m, altitude_max_m, rainfall_min_mm, rainfall_max_mm, temperature_min_c, temperature_max_c, soil_ph_min, soil_ph_max, soil_type) VALUES ('Mwanza', 'Mwanza', 'Kanda ya Ziwa', ARRAY['Pamba','Mpunga','Dengu','Choroko','Kahawa']::text[], ARRAY['Mpunga','Mahindi','Muhogo','Mtama']::text[], NULL, NULL, 800, 1800, 600, 1400, 10, 30, 5.0, 7.0, NULL);
INSERT INTO district_crop_guide (mkoa, wilaya, zone_name, priority_business_crops, priority_food_crops, other_business_crops, other_food_crops, altitude_min_m, altitude_max_m, rainfall_min_mm, rainfall_max_mm, temperature_min_c, temperature_max_c, soil_ph_min, soil_ph_max, soil_type) VALUES ('Mwanza', 'Sengerema', 'Kanda ya Ziwa', ARRAY['Pamba','Mpunga','Dengu','Choroko','Kahawa']::text[], ARRAY['Mpunga','Mahindi','Muhogo','Mtama']::text[], NULL, NULL, 800, 1800, 600, 1400, 10, 30, 5.0, 7.0, NULL);
INSERT INTO district_crop_guide (mkoa, wilaya, zone_name, priority_business_crops, priority_food_crops, other_business_crops, other_food_crops, altitude_min_m, altitude_max_m, rainfall_min_mm, rainfall_max_mm, temperature_min_c, temperature_max_c, soil_ph_min, soil_ph_max, soil_type) VALUES ('Mwanza', 'Ukerewe', 'Kanda ya Ziwa', ARRAY['Pamba','Mpunga','Dengu','Choroko','Kahawa']::text[], ARRAY['Mpunga','Mahindi','Muhogo','Mtama']::text[], NULL, NULL, 800, 1800, 600, 1400, 10, 30, 5.0, 7.0, NULL);
INSERT INTO district_crop_guide (mkoa, wilaya, zone_name, priority_business_crops, priority_food_crops, other_business_crops, other_food_crops, altitude_min_m, altitude_max_m, rainfall_min_mm, rainfall_max_mm, temperature_min_c, temperature_max_c, soil_ph_min, soil_ph_max, soil_type) VALUES ('Njombe', 'Ludewa', 'Kanda ya Nyanda za Juu Kusini', ARRAY['Chai','Pareto','Viazi mviringo','Alizeti']::text[], ARRAY['Mahindi','Mpunga','Maharage','Ngano']::text[], NULL, NULL, 500, 2700, 600, 2000, 1, 25, 4.0, 7.0, NULL);
INSERT INTO district_crop_guide (mkoa, wilaya, zone_name, priority_business_crops, priority_food_crops, other_business_crops, other_food_crops, altitude_min_m, altitude_max_m, rainfall_min_mm, rainfall_max_mm, temperature_min_c, temperature_max_c, soil_ph_min, soil_ph_max, soil_type) VALUES ('Njombe', 'Makete', 'Kanda ya Nyanda za Juu Kusini', ARRAY['Chai','Pareto','Viazi mviringo','Alizeti']::text[], ARRAY['Mahindi','Mpunga','Maharage','Ngano']::text[], NULL, NULL, 500, 2700, 600, 2000, 1, 25, 4.0, 7.0, NULL);
INSERT INTO district_crop_guide (mkoa, wilaya, zone_name, priority_business_crops, priority_food_crops, other_business_crops, other_food_crops, altitude_min_m, altitude_max_m, rainfall_min_mm, rainfall_max_mm, temperature_min_c, temperature_max_c, soil_ph_min, soil_ph_max, soil_type) VALUES ('Njombe', 'Njombe', 'Kanda ya Nyanda za Juu Kusini', ARRAY['Chai','Pareto','Viazi mviringo','Alizeti']::text[], ARRAY['Mahindi','Mpunga','Maharage','Ngano']::text[], NULL, NULL, 500, 2700, 600, 2000, 1, 25, 4.0, 7.0, NULL);
INSERT INTO district_crop_guide (mkoa, wilaya, zone_name, priority_business_crops, priority_food_crops, other_business_crops, other_food_crops, altitude_min_m, altitude_max_m, rainfall_min_mm, rainfall_max_mm, temperature_min_c, temperature_max_c, soil_ph_min, soil_ph_max, soil_type) VALUES ('Njombe', 'Wanging''ombe', 'Kanda ya Nyanda za Juu Kusini', ARRAY['Chai','Pareto','Viazi mviringo','Alizeti']::text[], ARRAY['Mahindi','Mpunga','Maharage','Ngano']::text[], NULL, NULL, 500, 2700, 600, 2000, 1, 25, 4.0, 7.0, NULL);
INSERT INTO district_crop_guide (mkoa, wilaya, zone_name, priority_business_crops, priority_food_crops, other_business_crops, other_food_crops, altitude_min_m, altitude_max_m, rainfall_min_mm, rainfall_max_mm, temperature_min_c, temperature_max_c, soil_ph_min, soil_ph_max, soil_type) VALUES ('Pwani', 'Bagamoyo', 'Kanda ya Mashariki', ARRAY['Korosho','Nanasi','Miwa','Nazi','Ufuta']::text[], ARRAY['Muhogo','Mtama','Mpunga','Mahindi']::text[], NULL, NULL, 0, 1000, 800, 1400, 19, 31, 5.0, 7.0, NULL);
INSERT INTO district_crop_guide (mkoa, wilaya, zone_name, priority_business_crops, priority_food_crops, other_business_crops, other_food_crops, altitude_min_m, altitude_max_m, rainfall_min_mm, rainfall_max_mm, temperature_min_c, temperature_max_c, soil_ph_min, soil_ph_max, soil_type) VALUES ('Pwani', 'Chalinze', 'Kanda ya Mashariki', ARRAY['Korosho','Nanasi','Miwa','Nazi','Ufuta']::text[], ARRAY['Muhogo','Mtama','Mpunga','Mahindi']::text[], NULL, NULL, 0, 1000, 800, 1400, 19, 31, 5.0, 7.0, NULL);
INSERT INTO district_crop_guide (mkoa, wilaya, zone_name, priority_business_crops, priority_food_crops, other_business_crops, other_food_crops, altitude_min_m, altitude_max_m, rainfall_min_mm, rainfall_max_mm, temperature_min_c, temperature_max_c, soil_ph_min, soil_ph_max, soil_type) VALUES ('Pwani', 'Kibaha', 'Kanda ya Mashariki', ARRAY['Korosho','Nanasi','Miwa','Nazi','Ufuta']::text[], ARRAY['Muhogo','Mtama','Mpunga','Mahindi']::text[], NULL, NULL, 0, 1000, 800, 1400, 19, 31, 5.0, 7.0, NULL);
INSERT INTO district_crop_guide (mkoa, wilaya, zone_name, priority_business_crops, priority_food_crops, other_business_crops, other_food_crops, altitude_min_m, altitude_max_m, rainfall_min_mm, rainfall_max_mm, temperature_min_c, temperature_max_c, soil_ph_min, soil_ph_max, soil_type) VALUES ('Pwani', 'Kisarawe', 'Kanda ya Mashariki', ARRAY['Korosho','Nanasi','Miwa','Nazi','Ufuta']::text[], ARRAY['Muhogo','Mtama','Mpunga','Mahindi']::text[], NULL, NULL, 0, 1000, 800, 1400, 19, 31, 5.0, 7.0, NULL);
INSERT INTO district_crop_guide (mkoa, wilaya, zone_name, priority_business_crops, priority_food_crops, other_business_crops, other_food_crops, altitude_min_m, altitude_max_m, rainfall_min_mm, rainfall_max_mm, temperature_min_c, temperature_max_c, soil_ph_min, soil_ph_max, soil_type) VALUES ('Pwani', 'Mafia', 'Kanda ya Mashariki', ARRAY['Korosho','Nanasi','Miwa','Nazi','Ufuta']::text[], ARRAY['Muhogo','Mtama','Mpunga','Mahindi']::text[], NULL, NULL, 0, 1000, 800, 1400, 19, 31, 5.0, 7.0, NULL);
INSERT INTO district_crop_guide (mkoa, wilaya, zone_name, priority_business_crops, priority_food_crops, other_business_crops, other_food_crops, altitude_min_m, altitude_max_m, rainfall_min_mm, rainfall_max_mm, temperature_min_c, temperature_max_c, soil_ph_min, soil_ph_max, soil_type) VALUES ('Pwani', 'Mkuranga', 'Kanda ya Mashariki', ARRAY['Korosho','Nanasi','Miwa','Nazi','Ufuta']::text[], ARRAY['Muhogo','Mtama','Mpunga','Mahindi']::text[], NULL, NULL, 0, 1000, 800, 1400, 19, 31, 5.0, 7.0, NULL);
INSERT INTO district_crop_guide (mkoa, wilaya, zone_name, priority_business_crops, priority_food_crops, other_business_crops, other_food_crops, altitude_min_m, altitude_max_m, rainfall_min_mm, rainfall_max_mm, temperature_min_c, temperature_max_c, soil_ph_min, soil_ph_max, soil_type) VALUES ('Pwani', 'Rufiji', 'Kanda ya Mashariki', ARRAY['Korosho','Nanasi','Miwa','Nazi','Ufuta']::text[], ARRAY['Muhogo','Mtama','Mpunga','Mahindi']::text[], NULL, NULL, 0, 1000, 800, 1400, 19, 31, 5.0, 7.0, NULL);
INSERT INTO district_crop_guide (mkoa, wilaya, zone_name, priority_business_crops, priority_food_crops, other_business_crops, other_food_crops, altitude_min_m, altitude_max_m, rainfall_min_mm, rainfall_max_mm, temperature_min_c, temperature_max_c, soil_ph_min, soil_ph_max, soil_type) VALUES ('Rukwa', 'Kalambo', 'Kanda ya Nyanda za Juu Kusini', ARRAY['Mahindi','Alizeti','Ngano','Viazi mviringo']::text[], ARRAY['Mahindi','Maharage','Mpunga']::text[], NULL, NULL, 800, 2300, 1000, 1400, 10, 30, 5.0, 7.0, NULL);
INSERT INTO district_crop_guide (mkoa, wilaya, zone_name, priority_business_crops, priority_food_crops, other_business_crops, other_food_crops, altitude_min_m, altitude_max_m, rainfall_min_mm, rainfall_max_mm, temperature_min_c, temperature_max_c, soil_ph_min, soil_ph_max, soil_type) VALUES ('Rukwa', 'Nkasi', 'Kanda ya Nyanda za Juu Kusini', ARRAY['Mahindi','Alizeti','Ngano','Viazi mviringo']::text[], ARRAY['Mahindi','Maharage','Mpunga']::text[], NULL, NULL, 800, 2300, 1000, 1400, 10, 30, 5.0, 7.0, NULL);
INSERT INTO district_crop_guide (mkoa, wilaya, zone_name, priority_business_crops, priority_food_crops, other_business_crops, other_food_crops, altitude_min_m, altitude_max_m, rainfall_min_mm, rainfall_max_mm, temperature_min_c, temperature_max_c, soil_ph_min, soil_ph_max, soil_type) VALUES ('Rukwa', 'Sumbawanga', 'Kanda ya Nyanda za Juu Kusini', ARRAY['Mahindi','Alizeti','Ngano','Viazi mviringo']::text[], ARRAY['Mahindi','Maharage','Mpunga']::text[], NULL, NULL, 800, 2300, 1000, 1400, 10, 30, 5.0, 7.0, NULL);
INSERT INTO district_crop_guide (mkoa, wilaya, zone_name, priority_business_crops, priority_food_crops, other_business_crops, other_food_crops, altitude_min_m, altitude_max_m, rainfall_min_mm, rainfall_max_mm, temperature_min_c, temperature_max_c, soil_ph_min, soil_ph_max, soil_type) VALUES ('Ruvuma', 'Madaba', 'Kanda ya Nyanda za Juu Kusini', ARRAY['Kahawa','Soya','Alizeti','Korosho','Ufuta']::text[], ARRAY['Mahindi','Maharage','Mtama','Mikunde']::text[], NULL, NULL, 300, 2300, 500, 1600, 5, 35, 4.0, 7.0, NULL);
INSERT INTO district_crop_guide (mkoa, wilaya, zone_name, priority_business_crops, priority_food_crops, other_business_crops, other_food_crops, altitude_min_m, altitude_max_m, rainfall_min_mm, rainfall_max_mm, temperature_min_c, temperature_max_c, soil_ph_min, soil_ph_max, soil_type) VALUES ('Ruvuma', 'Mbinga', 'Kanda ya Nyanda za Juu Kusini', ARRAY['Kahawa','Soya','Alizeti','Korosho','Ufuta']::text[], ARRAY['Mahindi','Maharage','Mtama','Mikunde']::text[], NULL, NULL, 300, 2300, 500, 1600, 5, 35, 4.0, 7.0, NULL);
INSERT INTO district_crop_guide (mkoa, wilaya, zone_name, priority_business_crops, priority_food_crops, other_business_crops, other_food_crops, altitude_min_m, altitude_max_m, rainfall_min_mm, rainfall_max_mm, temperature_min_c, temperature_max_c, soil_ph_min, soil_ph_max, soil_type) VALUES ('Ruvuma', 'Namtumbo', 'Kanda ya Nyanda za Juu Kusini', ARRAY['Kahawa','Soya','Alizeti','Korosho','Ufuta']::text[], ARRAY['Mahindi','Maharage','Mtama','Mikunde']::text[], NULL, NULL, 300, 2300, 500, 1600, 5, 35, 4.0, 7.0, NULL);
INSERT INTO district_crop_guide (mkoa, wilaya, zone_name, priority_business_crops, priority_food_crops, other_business_crops, other_food_crops, altitude_min_m, altitude_max_m, rainfall_min_mm, rainfall_max_mm, temperature_min_c, temperature_max_c, soil_ph_min, soil_ph_max, soil_type) VALUES ('Ruvuma', 'Nyasa', 'Kanda ya Nyanda za Juu Kusini', ARRAY['Kahawa','Soya','Alizeti','Korosho','Ufuta']::text[], ARRAY['Mahindi','Maharage','Mtama','Mikunde']::text[], NULL, NULL, 300, 2300, 500, 1600, 5, 35, 4.0, 7.0, NULL);
INSERT INTO district_crop_guide (mkoa, wilaya, zone_name, priority_business_crops, priority_food_crops, other_business_crops, other_food_crops, altitude_min_m, altitude_max_m, rainfall_min_mm, rainfall_max_mm, temperature_min_c, temperature_max_c, soil_ph_min, soil_ph_max, soil_type) VALUES ('Ruvuma', 'Songea', 'Kanda ya Nyanda za Juu Kusini', ARRAY['Kahawa','Soya','Alizeti','Korosho','Ufuta']::text[], ARRAY['Mahindi','Maharage','Mtama','Mikunde']::text[], NULL, NULL, 300, 2300, 500, 1600, 5, 35, 4.0, 7.0, NULL);
INSERT INTO district_crop_guide (mkoa, wilaya, zone_name, priority_business_crops, priority_food_crops, other_business_crops, other_food_crops, altitude_min_m, altitude_max_m, rainfall_min_mm, rainfall_max_mm, temperature_min_c, temperature_max_c, soil_ph_min, soil_ph_max, soil_type) VALUES ('Ruvuma', 'Tunduru', 'Kanda ya Nyanda za Juu Kusini', ARRAY['Kahawa','Soya','Alizeti','Korosho','Ufuta']::text[], ARRAY['Mahindi','Maharage','Mtama','Mikunde']::text[], NULL, NULL, 300, 2300, 500, 1600, 5, 35, 4.0, 7.0, NULL);
INSERT INTO district_crop_guide (mkoa, wilaya, zone_name, priority_business_crops, priority_food_crops, other_business_crops, other_food_crops, altitude_min_m, altitude_max_m, rainfall_min_mm, rainfall_max_mm, temperature_min_c, temperature_max_c, soil_ph_min, soil_ph_max, soil_type) VALUES ('Shinyanga', 'Kahama', 'Kanda ya Ziwa', ARRAY['Pamba','Mpunga','Alizeti','Dengu','Choroko']::text[], ARRAY['Mahindi','Mtama','Viazi vitamu','Uwele']::text[], NULL, NULL, 900, 1300, 300, 1000, 15, 30, 5.0, 9.0, NULL);
INSERT INTO district_crop_guide (mkoa, wilaya, zone_name, priority_business_crops, priority_food_crops, other_business_crops, other_food_crops, altitude_min_m, altitude_max_m, rainfall_min_mm, rainfall_max_mm, temperature_min_c, temperature_max_c, soil_ph_min, soil_ph_max, soil_type) VALUES ('Shinyanga', 'Kishapu', 'Kanda ya Ziwa', ARRAY['Pamba','Mpunga','Alizeti','Dengu','Choroko']::text[], ARRAY['Mahindi','Mtama','Viazi vitamu','Uwele']::text[], NULL, NULL, 900, 1300, 300, 1000, 15, 30, 5.0, 9.0, NULL);
INSERT INTO district_crop_guide (mkoa, wilaya, zone_name, priority_business_crops, priority_food_crops, other_business_crops, other_food_crops, altitude_min_m, altitude_max_m, rainfall_min_mm, rainfall_max_mm, temperature_min_c, temperature_max_c, soil_ph_min, soil_ph_max, soil_type) VALUES ('Shinyanga', 'Msalala', 'Kanda ya Ziwa', ARRAY['Pamba','Mpunga','Alizeti','Dengu','Choroko']::text[], ARRAY['Mahindi','Mtama','Viazi vitamu','Uwele']::text[], NULL, NULL, 900, 1300, 300, 1000, 15, 30, 5.0, 9.0, NULL);
INSERT INTO district_crop_guide (mkoa, wilaya, zone_name, priority_business_crops, priority_food_crops, other_business_crops, other_food_crops, altitude_min_m, altitude_max_m, rainfall_min_mm, rainfall_max_mm, temperature_min_c, temperature_max_c, soil_ph_min, soil_ph_max, soil_type) VALUES ('Shinyanga', 'Shinyanga', 'Kanda ya Ziwa', ARRAY['Pamba','Mpunga','Alizeti','Dengu','Choroko']::text[], ARRAY['Mahindi','Mtama','Viazi vitamu','Uwele']::text[], NULL, NULL, 900, 1300, 300, 1000, 15, 30, 5.0, 9.0, NULL);
INSERT INTO district_crop_guide (mkoa, wilaya, zone_name, priority_business_crops, priority_food_crops, other_business_crops, other_food_crops, altitude_min_m, altitude_max_m, rainfall_min_mm, rainfall_max_mm, temperature_min_c, temperature_max_c, soil_ph_min, soil_ph_max, soil_type) VALUES ('Shinyanga', 'Ushetu', 'Kanda ya Ziwa', ARRAY['Pamba','Mpunga','Alizeti','Dengu','Choroko']::text[], ARRAY['Mahindi','Mtama','Viazi vitamu','Uwele']::text[], NULL, NULL, 900, 1300, 300, 1000, 15, 30, 5.0, 9.0, NULL);
INSERT INTO district_crop_guide (mkoa, wilaya, zone_name, priority_business_crops, priority_food_crops, other_business_crops, other_food_crops, altitude_min_m, altitude_max_m, rainfall_min_mm, rainfall_max_mm, temperature_min_c, temperature_max_c, soil_ph_min, soil_ph_max, soil_type) VALUES ('Simiyu', 'Bariadi', 'Kanda ya Ziwa', ARRAY['Pamba','Dengu','Choroko','Mikunde']::text[], ARRAY['Mahindi','Mtama','Mpunga','Uwele']::text[], NULL, NULL, 900, 2500, 600, 1400, 10, 30, 4.5, 9.0, NULL);
INSERT INTO district_crop_guide (mkoa, wilaya, zone_name, priority_business_crops, priority_food_crops, other_business_crops, other_food_crops, altitude_min_m, altitude_max_m, rainfall_min_mm, rainfall_max_mm, temperature_min_c, temperature_max_c, soil_ph_min, soil_ph_max, soil_type) VALUES ('Simiyu', 'Busega', 'Kanda ya Ziwa', ARRAY['Pamba','Dengu','Choroko','Mikunde']::text[], ARRAY['Mahindi','Mtama','Mpunga','Uwele']::text[], NULL, NULL, 900, 2500, 600, 1400, 10, 30, 4.5, 9.0, NULL);
INSERT INTO district_crop_guide (mkoa, wilaya, zone_name, priority_business_crops, priority_food_crops, other_business_crops, other_food_crops, altitude_min_m, altitude_max_m, rainfall_min_mm, rainfall_max_mm, temperature_min_c, temperature_max_c, soil_ph_min, soil_ph_max, soil_type) VALUES ('Simiyu', 'Itilima', 'Kanda ya Ziwa', ARRAY['Pamba','Dengu','Choroko','Mikunde']::text[], ARRAY['Mahindi','Mtama','Mpunga','Uwele']::text[], NULL, NULL, 900, 2500, 600, 1400, 10, 30, 4.5, 9.0, NULL);
INSERT INTO district_crop_guide (mkoa, wilaya, zone_name, priority_business_crops, priority_food_crops, other_business_crops, other_food_crops, altitude_min_m, altitude_max_m, rainfall_min_mm, rainfall_max_mm, temperature_min_c, temperature_max_c, soil_ph_min, soil_ph_max, soil_type) VALUES ('Simiyu', 'Maswa', 'Kanda ya Ziwa', ARRAY['Pamba','Dengu','Choroko','Mikunde']::text[], ARRAY['Mahindi','Mtama','Mpunga','Uwele']::text[], NULL, NULL, 900, 2500, 600, 1400, 10, 30, 4.5, 9.0, NULL);
INSERT INTO district_crop_guide (mkoa, wilaya, zone_name, priority_business_crops, priority_food_crops, other_business_crops, other_food_crops, altitude_min_m, altitude_max_m, rainfall_min_mm, rainfall_max_mm, temperature_min_c, temperature_max_c, soil_ph_min, soil_ph_max, soil_type) VALUES ('Simiyu', 'Meatu', 'Kanda ya Ziwa', ARRAY['Pamba','Dengu','Choroko','Mikunde']::text[], ARRAY['Mahindi','Mtama','Mpunga','Uwele']::text[], NULL, NULL, 900, 2500, 600, 1400, 10, 30, 4.5, 9.0, NULL);
INSERT INTO district_crop_guide (mkoa, wilaya, zone_name, priority_business_crops, priority_food_crops, other_business_crops, other_food_crops, altitude_min_m, altitude_max_m, rainfall_min_mm, rainfall_max_mm, temperature_min_c, temperature_max_c, soil_ph_min, soil_ph_max, soil_type) VALUES ('Singida', 'Ikungi', 'Kanda ya Kati', ARRAY['Alizeti','Vitunguu','Tumbaku','Karanga']::text[], ARRAY['Mtama','Mahindi','Uwele','Muhogo']::text[], NULL, NULL, 900, 2500, 200, 1200, 10, 30, 4.0, 9.0, NULL);
INSERT INTO district_crop_guide (mkoa, wilaya, zone_name, priority_business_crops, priority_food_crops, other_business_crops, other_food_crops, altitude_min_m, altitude_max_m, rainfall_min_mm, rainfall_max_mm, temperature_min_c, temperature_max_c, soil_ph_min, soil_ph_max, soil_type) VALUES ('Singida', 'Iramba', 'Kanda ya Kati', ARRAY['Alizeti','Vitunguu','Tumbaku','Karanga']::text[], ARRAY['Mtama','Mahindi','Uwele','Muhogo']::text[], NULL, NULL, 900, 2500, 200, 1200, 10, 30, 4.0, 9.0, NULL);
INSERT INTO district_crop_guide (mkoa, wilaya, zone_name, priority_business_crops, priority_food_crops, other_business_crops, other_food_crops, altitude_min_m, altitude_max_m, rainfall_min_mm, rainfall_max_mm, temperature_min_c, temperature_max_c, soil_ph_min, soil_ph_max, soil_type) VALUES ('Singida', 'Itigi', 'Kanda ya Kati', ARRAY['Alizeti','Vitunguu','Tumbaku','Karanga']::text[], ARRAY['Mtama','Mahindi','Uwele','Muhogo']::text[], NULL, NULL, 900, 2500, 200, 1200, 10, 30, 4.0, 9.0, NULL);
INSERT INTO district_crop_guide (mkoa, wilaya, zone_name, priority_business_crops, priority_food_crops, other_business_crops, other_food_crops, altitude_min_m, altitude_max_m, rainfall_min_mm, rainfall_max_mm, temperature_min_c, temperature_max_c, soil_ph_min, soil_ph_max, soil_type) VALUES ('Singida', 'Manyoni', 'Kanda ya Kati', ARRAY['Alizeti','Vitunguu','Tumbaku','Karanga']::text[], ARRAY['Mtama','Mahindi','Uwele','Muhogo']::text[], NULL, NULL, 900, 2500, 200, 1200, 10, 30, 4.0, 9.0, NULL);
INSERT INTO district_crop_guide (mkoa, wilaya, zone_name, priority_business_crops, priority_food_crops, other_business_crops, other_food_crops, altitude_min_m, altitude_max_m, rainfall_min_mm, rainfall_max_mm, temperature_min_c, temperature_max_c, soil_ph_min, soil_ph_max, soil_type) VALUES ('Singida', 'Mkalama', 'Kanda ya Kati', ARRAY['Alizeti','Vitunguu','Tumbaku','Karanga']::text[], ARRAY['Mtama','Mahindi','Uwele','Muhogo']::text[], NULL, NULL, 900, 2500, 200, 1200, 10, 30, 4.0, 9.0, NULL);
INSERT INTO district_crop_guide (mkoa, wilaya, zone_name, priority_business_crops, priority_food_crops, other_business_crops, other_food_crops, altitude_min_m, altitude_max_m, rainfall_min_mm, rainfall_max_mm, temperature_min_c, temperature_max_c, soil_ph_min, soil_ph_max, soil_type) VALUES ('Singida', 'Singida', 'Kanda ya Kati', ARRAY['Alizeti','Vitunguu','Tumbaku','Karanga']::text[], ARRAY['Mtama','Mahindi','Uwele','Muhogo']::text[], NULL, NULL, 900, 2500, 200, 1200, 10, 30, 4.0, 9.0, NULL);
INSERT INTO district_crop_guide (mkoa, wilaya, zone_name, priority_business_crops, priority_food_crops, other_business_crops, other_food_crops, altitude_min_m, altitude_max_m, rainfall_min_mm, rainfall_max_mm, temperature_min_c, temperature_max_c, soil_ph_min, soil_ph_max, soil_type) VALUES ('Songwe', 'Ileje', 'Kanda ya Nyanda za Juu Kusini', ARRAY['Kakao','Kahawa','Parachichi','Alizeti']::text[], ARRAY['Mahindi','Maharage','Mpunga']::text[], NULL, NULL, 500, 2400, 1000, 2400, 5, 25, 4.0, 8.0, NULL);
INSERT INTO district_crop_guide (mkoa, wilaya, zone_name, priority_business_crops, priority_food_crops, other_business_crops, other_food_crops, altitude_min_m, altitude_max_m, rainfall_min_mm, rainfall_max_mm, temperature_min_c, temperature_max_c, soil_ph_min, soil_ph_max, soil_type) VALUES ('Songwe', 'Mbozi', 'Kanda ya Nyanda za Juu Kusini', ARRAY['Kakao','Kahawa','Parachichi','Alizeti']::text[], ARRAY['Mahindi','Maharage','Mpunga']::text[], NULL, NULL, 500, 2400, 1000, 2400, 5, 25, 4.0, 8.0, NULL);
INSERT INTO district_crop_guide (mkoa, wilaya, zone_name, priority_business_crops, priority_food_crops, other_business_crops, other_food_crops, altitude_min_m, altitude_max_m, rainfall_min_mm, rainfall_max_mm, temperature_min_c, temperature_max_c, soil_ph_min, soil_ph_max, soil_type) VALUES ('Songwe', 'Momba', 'Kanda ya Nyanda za Juu Kusini', ARRAY['Kakao','Kahawa','Parachichi','Alizeti']::text[], ARRAY['Mahindi','Maharage','Mpunga']::text[], NULL, NULL, 500, 2400, 1000, 2400, 5, 25, 4.0, 8.0, NULL);
INSERT INTO district_crop_guide (mkoa, wilaya, zone_name, priority_business_crops, priority_food_crops, other_business_crops, other_food_crops, altitude_min_m, altitude_max_m, rainfall_min_mm, rainfall_max_mm, temperature_min_c, temperature_max_c, soil_ph_min, soil_ph_max, soil_type) VALUES ('Tabora', 'Igunga', 'Kanda ya Magharibi', ARRAY['Pamba','Tumbaku','Alizeti']::text[], ARRAY['Mpunga','Mahindi','Mtama']::text[], NULL, NULL, 800, 1800, 200, 1400, 15, 30, 4.0, 9.0, NULL);
INSERT INTO district_crop_guide (mkoa, wilaya, zone_name, priority_business_crops, priority_food_crops, other_business_crops, other_food_crops, altitude_min_m, altitude_max_m, rainfall_min_mm, rainfall_max_mm, temperature_min_c, temperature_max_c, soil_ph_min, soil_ph_max, soil_type) VALUES ('Tabora', 'Kaliua', 'Kanda ya Magharibi', ARRAY['Pamba','Tumbaku','Alizeti']::text[], ARRAY['Mpunga','Mahindi','Mtama']::text[], NULL, NULL, 800, 1800, 200, 1400, 15, 30, 4.0, 9.0, NULL);
INSERT INTO district_crop_guide (mkoa, wilaya, zone_name, priority_business_crops, priority_food_crops, other_business_crops, other_food_crops, altitude_min_m, altitude_max_m, rainfall_min_mm, rainfall_max_mm, temperature_min_c, temperature_max_c, soil_ph_min, soil_ph_max, soil_type) VALUES ('Tabora', 'Nzega', 'Kanda ya Magharibi', ARRAY['Pamba','Tumbaku','Alizeti']::text[], ARRAY['Mpunga','Mahindi','Mtama']::text[], NULL, NULL, 800, 1800, 200, 1400, 15, 30, 4.0, 9.0, NULL);
INSERT INTO district_crop_guide (mkoa, wilaya, zone_name, priority_business_crops, priority_food_crops, other_business_crops, other_food_crops, altitude_min_m, altitude_max_m, rainfall_min_mm, rainfall_max_mm, temperature_min_c, temperature_max_c, soil_ph_min, soil_ph_max, soil_type) VALUES ('Tabora', 'Sikonge', 'Kanda ya Magharibi', ARRAY['Pamba','Tumbaku','Alizeti']::text[], ARRAY['Mpunga','Mahindi','Mtama']::text[], NULL, NULL, 800, 1800, 200, 1400, 15, 30, 4.0, 9.0, NULL);
INSERT INTO district_crop_guide (mkoa, wilaya, zone_name, priority_business_crops, priority_food_crops, other_business_crops, other_food_crops, altitude_min_m, altitude_max_m, rainfall_min_mm, rainfall_max_mm, temperature_min_c, temperature_max_c, soil_ph_min, soil_ph_max, soil_type) VALUES ('Tabora', 'Tabora', 'Kanda ya Magharibi', ARRAY['Pamba','Tumbaku','Alizeti']::text[], ARRAY['Mpunga','Mahindi','Mtama']::text[], NULL, NULL, 800, 1800, 200, 1400, 15, 30, 4.0, 9.0, NULL);
INSERT INTO district_crop_guide (mkoa, wilaya, zone_name, priority_business_crops, priority_food_crops, other_business_crops, other_food_crops, altitude_min_m, altitude_max_m, rainfall_min_mm, rainfall_max_mm, temperature_min_c, temperature_max_c, soil_ph_min, soil_ph_max, soil_type) VALUES ('Tabora', 'Urambo', 'Kanda ya Magharibi', ARRAY['Pamba','Tumbaku','Alizeti']::text[], ARRAY['Mpunga','Mahindi','Mtama']::text[], NULL, NULL, 800, 1800, 200, 1400, 15, 30, 4.0, 9.0, NULL);
INSERT INTO district_crop_guide (mkoa, wilaya, zone_name, priority_business_crops, priority_food_crops, other_business_crops, other_food_crops, altitude_min_m, altitude_max_m, rainfall_min_mm, rainfall_max_mm, temperature_min_c, temperature_max_c, soil_ph_min, soil_ph_max, soil_type) VALUES ('Tanga', 'Bumbuli', 'Kanda ya Mashariki', ARRAY['Chai','Mkonge','Matunda','Viungo','Mazao ya bustani']::text[], ARRAY['Mahindi','Muhogo','Maharage','Ndizi']::text[], NULL, NULL, 0, 2000, 400, 1400, 10, 31, 4.0, 8.5, NULL);
INSERT INTO district_crop_guide (mkoa, wilaya, zone_name, priority_business_crops, priority_food_crops, other_business_crops, other_food_crops, altitude_min_m, altitude_max_m, rainfall_min_mm, rainfall_max_mm, temperature_min_c, temperature_max_c, soil_ph_min, soil_ph_max, soil_type) VALUES ('Tanga', 'Handeni', 'Kanda ya Mashariki', ARRAY['Chai','Mkonge','Matunda','Viungo','Mazao ya bustani']::text[], ARRAY['Mahindi','Muhogo','Maharage','Ndizi']::text[], NULL, NULL, 0, 2000, 400, 1400, 10, 31, 4.0, 8.5, NULL);
INSERT INTO district_crop_guide (mkoa, wilaya, zone_name, priority_business_crops, priority_food_crops, other_business_crops, other_food_crops, altitude_min_m, altitude_max_m, rainfall_min_mm, rainfall_max_mm, temperature_min_c, temperature_max_c, soil_ph_min, soil_ph_max, soil_type) VALUES ('Tanga', 'Kilindi', 'Kanda ya Mashariki', ARRAY['Chai','Mkonge','Matunda','Viungo','Mazao ya bustani']::text[], ARRAY['Mahindi','Muhogo','Maharage','Ndizi']::text[], NULL, NULL, 0, 2000, 400, 1400, 10, 31, 4.0, 8.5, NULL);
INSERT INTO district_crop_guide (mkoa, wilaya, zone_name, priority_business_crops, priority_food_crops, other_business_crops, other_food_crops, altitude_min_m, altitude_max_m, rainfall_min_mm, rainfall_max_mm, temperature_min_c, temperature_max_c, soil_ph_min, soil_ph_max, soil_type) VALUES ('Tanga', 'Korogwe', 'Kanda ya Mashariki', ARRAY['Chai','Mkonge','Matunda','Viungo','Mazao ya bustani']::text[], ARRAY['Mahindi','Muhogo','Maharage','Ndizi']::text[], NULL, NULL, 0, 2000, 400, 1400, 10, 31, 4.0, 8.5, NULL);
INSERT INTO district_crop_guide (mkoa, wilaya, zone_name, priority_business_crops, priority_food_crops, other_business_crops, other_food_crops, altitude_min_m, altitude_max_m, rainfall_min_mm, rainfall_max_mm, temperature_min_c, temperature_max_c, soil_ph_min, soil_ph_max, soil_type) VALUES ('Tanga', 'Lushoto', 'Kanda ya Mashariki', ARRAY['Chai','Mkonge','Matunda','Viungo','Mazao ya bustani']::text[], ARRAY['Mahindi','Muhogo','Maharage','Ndizi']::text[], NULL, NULL, 0, 2000, 400, 1400, 10, 31, 4.0, 8.5, NULL);
INSERT INTO district_crop_guide (mkoa, wilaya, zone_name, priority_business_crops, priority_food_crops, other_business_crops, other_food_crops, altitude_min_m, altitude_max_m, rainfall_min_mm, rainfall_max_mm, temperature_min_c, temperature_max_c, soil_ph_min, soil_ph_max, soil_type) VALUES ('Tanga', 'Mkinga', 'Kanda ya Mashariki', ARRAY['Chai','Mkonge','Matunda','Viungo','Mazao ya bustani']::text[], ARRAY['Mahindi','Muhogo','Maharage','Ndizi']::text[], NULL, NULL, 0, 2000, 400, 1400, 10, 31, 4.0, 8.5, NULL);
INSERT INTO district_crop_guide (mkoa, wilaya, zone_name, priority_business_crops, priority_food_crops, other_business_crops, other_food_crops, altitude_min_m, altitude_max_m, rainfall_min_mm, rainfall_max_mm, temperature_min_c, temperature_max_c, soil_ph_min, soil_ph_max, soil_type) VALUES ('Tanga', 'Muheza', 'Kanda ya Mashariki', ARRAY['Chai','Mkonge','Matunda','Viungo','Mazao ya bustani']::text[], ARRAY['Mahindi','Muhogo','Maharage','Ndizi']::text[], NULL, NULL, 0, 2000, 400, 1400, 10, 31, 4.0, 8.5, NULL);
INSERT INTO district_crop_guide (mkoa, wilaya, zone_name, priority_business_crops, priority_food_crops, other_business_crops, other_food_crops, altitude_min_m, altitude_max_m, rainfall_min_mm, rainfall_max_mm, temperature_min_c, temperature_max_c, soil_ph_min, soil_ph_max, soil_type) VALUES ('Tanga', 'Pangani', 'Kanda ya Mashariki', ARRAY['Chai','Mkonge','Matunda','Viungo','Mazao ya bustani']::text[], ARRAY['Mahindi','Muhogo','Maharage','Ndizi']::text[], NULL, NULL, 0, 2000, 400, 1400, 10, 31, 4.0, 8.5, NULL);
INSERT INTO district_crop_guide (mkoa, wilaya, zone_name, priority_business_crops, priority_food_crops, other_business_crops, other_food_crops, altitude_min_m, altitude_max_m, rainfall_min_mm, rainfall_max_mm, temperature_min_c, temperature_max_c, soil_ph_min, soil_ph_max, soil_type) VALUES ('Tanga', 'Tanga', 'Kanda ya Mashariki', ARRAY['Chai','Mkonge','Matunda','Viungo','Mazao ya bustani']::text[], ARRAY['Mahindi','Muhogo','Maharage','Ndizi']::text[], NULL, NULL, 0, 2000, 400, 1400, 10, 31, 4.0, 8.5, NULL);
